manage_shop_indicator,officialstore_indicator,preferred_shop_indicator,crossborder_indicator,shop_category,new_seller_flag,seller_centre_login_L30D,shop_sku_number,shop_follower_number,shop_L180D_order,weighted_shop_rating,performance_date,masked_item_impression,masked_order,masked_shop_page_view,masked_shop_click_from_search,masked_campaign_tab_click,masked_other_tab_click,kmeans.labels,agglomerative.average.labels,agglomerative.complete.labels,meanshift.labels
0.0,0.0,1.0,0.0,4.0,0.0,29.0,676.0,4086.0,5332.0,4.0,7.5,31205979.42857143,18265.428571428572,802.0714285714286,60.02255639097745,11.0,109.07142857142857,0,3,0,0
0.0,0.0,0.0,0.0,6.0,0.0,16.0,1072.0,2859.0,3746.0,3.0,7.5,8861953.142857144,59.642857142857146,123.64285714285714,27.233082706766915,11.0,44.80827067669173,0,3,0,0
0.0,0.0,1.0,0.0,6.0,0.0,24.0,1776.0,17355.0,8101.0,4.0,7.5,61355326.571428575,2110.8571428571427,999.5,44.86842105263158,11.0,180.57142857142858,0,3,0,0
1.0,1.0,0.0,0.0,20.0,0.0,30.0,4240.0,1474614.0,591385.0,4.0,7.5,1997699142857.1428,1268383831.2857144,41.07142857142857,3944119.785714286,6494.571428571428,48845.357142857145,1,1,4,7
1.0,0.0,1.0,0.0,0.0,0.0,30.0,1028.0,25302.0,28823.0,4.0,7.5,441753902.4285714,46992.28571428572,70.0,215.48872180451127,11.0,457.92857142857144,0,3,0,0
1.0,0.0,0.0,0.0,8.0,0.0,30.0,1391.0,50283.0,123827.0,4.0,7.5,17212906778.285713,18209482.42857143,183.5,3118.563909774436,11.0,1219.2857142857142,0,3,0,0
0.0,0.0,1.0,0.0,3.0,0.0,26.0,533.0,23850.0,16226.0,4.0,7.5,569917706.4285715,3933.785714285714,575.0,307.90225563909775,11.0,1117.142857142857,0,3,0,0
0.0,0.0,0.0,0.0,6.0,0.0,17.0,654.0,2466.0,1835.0,5.0,7.5,2210113.5,54.714285714285715,317.57142857142856,26.518796992481203,11.0,67.42857142857143,0,3,0,0
0.0,0.0,1.0,0.0,6.0,0.0,30.0,1094.0,5337.0,10857.0,4.0,7.5,237124615.2142857,5229.642857142857,504.57142857142856,222.66541353383454,11.0,242.64285714285714,0,3,0,0
1.0,1.0,0.0,0.0,20.0,0.0,26.0,10587.0,636978.0,87960.0,4.0,7.5,60434380155.78571,902408.8571428572,5.214285714285714,17699.214285714286,801.0,5660.142857142857,0,3,0,0
1.0,1.0,0.0,0.0,2.0,0.0,26.0,984.0,24159.0,131796.0,4.0,7.5,2645606506.642857,4312919.357142857,8.071428571428571,73.85714285714286,11.0,986.7142857142857,0,3,0,0
0.0,0.0,1.0,0.0,11.0,0.0,6.0,2821.0,12903.0,10012.0,4.0,7.5,107434708.85714285,368.5,2370.0714285714284,64.92105263157895,11.0,274.85714285714283,0,3,0,0
0.0,0.0,0.0,0.0,20.0,0.0,30.0,500.0,1044.0,1393.0,5.0,7.5,11370300.642857144,60.642857142857146,818.0714285714286,37.191729323308266,11.0,62.21804511278195,0,3,0,0
0.0,0.0,0.0,0.0,6.0,0.0,29.0,610.0,18093.0,7659.0,4.0,7.5,10384769.285714285,343.5,144.64285714285714,43.909774436090224,11.0,190.0,0,3,0,0
0.0,0.0,1.0,0.0,8.0,0.0,27.0,2073.0,120399.0,12794.0,4.0,7.5,250218823.0,609.2142857142857,207.28571428571428,241.56015037593986,11.0,142.85714285714286,0,3,0,0
1.0,0.0,0.0,0.0,5.0,0.0,30.0,4273.0,260589.0,53328.0,4.0,7.5,18015400643.42857,38524878.71428572,154.57142857142858,114.78571428571429,11.0,2361.714285714286,0,3,0,0
0.0,0.0,1.0,0.0,1.0,0.0,29.0,2997.0,8526.0,32619.0,5.0,7.5,942586612.9285715,83380.28571428571,170.5,46.421052631578945,11.0,768.2857142857143,0,3,0,0
0.0,0.0,0.0,0.0,3.0,0.0,30.0,1336.0,5229.0,4500.0,4.0,7.5,44031292.5,22.642857142857142,110.21428571428571,43.142857142857146,11.0,224.57142857142858,0,3,0,0
1.0,0.0,1.0,0.0,8.0,0.0,30.0,4416.0,305928.0,1061946.0,4.0,7.5,3402952142857.143,9799348640.357143,208.85714285714286,877.0714285714286,11.0,24128.35714285714,3,0,1,4
1.0,0.0,0.0,0.0,7.0,0.0,30.0,4328.0,146610.0,259937.0,4.0,7.5,25428709609.57143,13672453.92857143,487.64285714285717,450.07142857142856,11.0,3541.8571428571427,0,3,0,0
0.0,0.0,1.0,0.0,0.0,0.0,30.0,3932.0,7773.0,40367.0,5.0,7.5,423831208.71428573,69177.07142857143,47.214285714285715,83.6842105263158,11.0,378.57142857142856,0,3,0,0
1.0,0.0,1.0,0.0,1.0,0.0,28.0,1468.0,11985.0,35453.0,5.0,7.5,527862081.0714286,65582.42857142857,56.42857142857143,232.12781954887217,11.0,690.5,0,3,0,0
1.0,0.0,1.0,0.0,0.0,0.0,26.0,863.0,4389.0,52418.0,4.0,7.5,253271655.07142857,392859.28571428574,55.142857142857146,854.9924812030074,11.0,223.78571428571428,0,3,0,0
1.0,0.0,1.0,0.0,6.0,0.0,29.0,1369.0,12201.0,18410.0,5.0,7.5,1115171688.7142856,7908.571428571428,665.8571428571429,36.71804511278196,11.0,273.2857142857143,0,3,0,0
0.0,0.0,0.0,0.0,8.0,0.0,2.0,1237.0,1689.0,782.0,4.0,7.5,2034582.5714285714,0.14285714285714285,14.928571428571429,16.721804511278197,11.0,26.199248120300755,0,3,0,0
0.0,0.0,0.0,0.0,9.0,0.0,27.0,4625.0,38943.0,10909.0,4.0,7.5,85785533.5,170.64285714285714,153.5,60.161654135338345,11.0,98.07142857142857,0,3,0,0
1.0,1.0,0.0,0.0,16.0,0.0,25.0,1435.0,34143.0,15862.0,4.0,7.5,304646078.64285713,8071.428571428572,3.857142857142857,121.05639097744361,11.0,501.14285714285717,0,3,0,0
0.0,0.0,0.0,0.0,8.0,0.0,22.0,1193.0,5202.0,8608.0,4.0,7.5,20561956.214285713,11192.57142857143,4.642857142857143,37.19172932330827,11.0,139.71428571428572,0,3,0,0
1.0,0.0,1.0,0.0,8.0,0.0,30.0,8893.0,1139631.0,670763.0,4.0,7.5,700870571428.5714,468627398.5,1507.857142857143,2728.785714285714,11.0,14357.214285714286,4,3,0,3
1.0,0.0,1.0,0.0,0.0,0.0,30.0,2546.0,202140.0,328369.0,4.0,7.5,170907182175.92856,106061355.71428572,0.0,6187.571428571428,11.0,6988.785714285715,0,3,0,1
1.0,0.0,0.0,0.0,9.0,0.0,30.0,2359.0,311424.0,657048.0,4.0,7.5,147192160655.2143,312385717.71428573,1.2142857142857142,5809.928571428572,11.0,6427.785714285715,0,3,0,1
0.0,0.0,1.0,0.0,16.0,0.0,29.0,764.0,38304.0,10961.0,4.0,7.5,744078417.4285715,1812.7142857142858,1035.0714285714287,979.2857142857143,11.0,714.0714285714286,0,3,0,0
1.0,0.0,0.0,0.0,1.0,0.0,22.0,11148.0,28107.0,57956.0,4.0,7.5,7444092008.5,3939352.0,8.428571428571429,860.0451127819549,11.0,1994.0,0,3,0,0
1.0,0.0,1.0,0.0,13.0,0.0,30.0,2964.0,31941.0,47140.0,4.0,7.5,271065941.0,12774.857142857143,5.428571428571429,30.428571428571427,11.0,892.4285714285714,0,3,0,0
1.0,0.0,0.0,0.0,15.0,0.0,28.0,5890.0,19065.0,75688.0,4.0,7.5,2645281804.642857,533539.4285714285,247.71428571428572,37.33834586466166,11.0,654.3571428571429,0,3,0,0
0.0,0.0,0.0,0.0,6.0,0.0,26.0,478.0,2328.0,1510.0,4.0,7.5,81875849.57142857,727.3571428571429,225.57142857142858,21.033834586466163,11.0,363.64285714285717,0,3,0,0
0.0,0.0,0.0,0.0,15.0,0.0,22.0,412.0,1395.0,4500.0,5.0,7.5,512091.35714285716,5.571428571428571,5.357142857142857,4.436090225563911,11.0,46.29699248120301,0,3,0,0
0.0,0.0,0.0,0.0,6.0,0.0,16.0,1149.0,1320.0,860.0,5.0,7.5,32231.714285714286,0.07142857142857142,2016.5,5.13157894736842,11.0,25.04135338345865,0,3,0,0
0.0,0.0,0.0,0.0,9.0,0.0,27.0,2920.0,29769.0,9284.0,4.0,7.5,60057365.71428572,426.7142857142857,0.6428571428571429,138.0563909774436,11.0,80.78571428571429,0,3,0,0
0.0,0.0,0.0,0.0,1.0,0.0,6.0,786.0,12075.0,6359.0,5.0,7.5,78669111.78571428,339.7142857142857,1218.7142857142858,131.21428571428572,11.0,856.2857142857143,0,3,0,0
0.0,0.0,0.0,0.0,8.0,0.0,16.0,269.0,11691.0,405.0,5.0,7.5,3199892.785714286,1654.142857142857,1503.2142857142858,15.428571428571429,11.0,500.35714285714283,0,3,0,0
0.0,0.0,0.0,0.0,6.0,0.0,14.0,852.0,1674.0,1562.0,5.0,7.5,490697.5,15.571428571428571,48.714285714285715,7.75563909774436,11.0,48.61278195488722,0,3,0,0
0.0,0.0,0.0,0.0,20.0,0.0,29.0,709.0,1563.0,405.0,4.0,7.5,15563660.0,42.714285714285715,48.0,53.609022556390975,11.0,62.09398496240602,0,3,0,0
1.0,0.0,1.0,0.0,0.0,0.0,27.0,5076.0,343074.0,350820.0,4.0,7.5,482756428571.4286,1357422536.9285715,50.714285714285715,1590231.2142857143,11.0,16592.571428571428,4,3,0,2
0.0,0.0,1.0,0.0,6.0,0.0,29.0,731.0,6006.0,14978.0,5.0,7.5,9015150.785714285,3060.8571428571427,1095.7142857142858,21.109022556390975,11.0,131.85714285714286,0,3,0,0
1.0,0.0,0.0,0.0,5.0,0.0,27.0,4867.0,331428.0,1192115.0,4.0,7.5,536823857142.8571,4939195385.428572,91.71428571428571,123.14285714285714,11.0,10197.642857142857,4,3,0,2
0.0,0.0,0.0,0.0,3.0,0.0,9.0,720.0,1089.0,470.0,4.0,7.5,1554477.7142857143,0.0,419.2142857142857,6.748120300751879,11.0,80.86842105263158,0,3,0,0
0.0,0.0,0.0,0.0,13.0,0.0,30.0,346.0,2901.0,860.0,4.0,7.5,4216507.357142857,9.071428571428571,1509.642857142857,208.69172932330827,11.0,225.35714285714286,0,3,0,0
0.0,0.0,0.0,0.0,8.0,0.0,26.0,2777.0,3873.0,10662.0,4.0,7.5,69613366.85714285,866.5714285714286,17.642857142857142,129.23684210526318,11.0,46.379699248120296,0,3,0,0
1.0,0.0,0.0,0.0,16.0,0.0,30.0,1622.0,124752.0,100245.0,4.0,7.5,21232421227.57143,9241924.07142857,220.14285714285714,3486.56015037594,11.0,1042.5,0,3,0,0
0.0,0.0,0.0,0.0,5.0,0.0,16.0,797.0,1092.0,470.0,5.0,7.5,95373.92857142857,0.0,1190.642857142857,7.2669172932330826,11.0,27.357142857142858,0,3,0,0
0.0,0.0,0.0,0.0,4.0,0.0,28.0,1809.0,6642.0,3018.0,4.0,7.5,92101123.28571428,76.35714285714286,1660.2142857142858,33.01127819548872,11.0,146.78571428571428,0,3,0,0
0.0,0.0,1.0,0.0,15.0,0.0,24.0,511.0,5028.0,8517.0,4.0,7.5,443443592.14285713,5143.785714285715,2.7142857142857144,83.40225563909776,11.0,157.0,0,3,0,0
1.0,1.0,0.0,0.0,20.0,0.0,30.0,37856.0,1421073.0,865672.0,4.0,7.5,6087566071428.571,1315685501.2857144,15.0,551059.6428571428,3394.5714285714284,29990.571428571428,2,4,6,6
1.0,0.0,0.0,0.0,8.0,0.0,30.0,2238.0,24708.0,44592.0,4.0,7.5,470230830.64285713,8119.714285714285,0.0,303.2894736842105,11.0,222.21428571428572,0,3,0,0
0.0,0.0,0.0,0.0,7.0,0.0,8.0,412.0,1014.0,600.0,4.0,7.5,6994.857142857143,0.21428571428571427,20.142857142857142,2.913533834586466,11.0,28.969924812030076,0,3,0,0
0.0,0.0,0.0,1.0,8.0,0.0,30.0,14525.0,74169.0,35128.0,4.0,7.5,5210305467.071428,71826.57142857143,0.0,2661.906015037594,11.0,531.7857142857143,0,3,0,0
0.0,0.0,0.0,0.0,20.0,0.0,29.0,1105.0,1179.0,405.0,5.0,7.5,10607193.92857143,26.571428571428573,762.2857142857143,37.09398496240601,11.0,60.81203007518797,0,3,0,0
0.0,0.0,1.0,1.0,0.0,0.0,27.0,27604.0,34911.0,187891.0,4.0,7.5,12795024078.785715,2841278.0714285714,0.0,1687.9548872180453,11.0,634.7142857142857,0,3,0,0
0.0,0.0,1.0,1.0,0.0,0.0,30.0,15757.0,13827.0,66367.0,4.0,7.5,2454544372.357143,126137.5,0.0,3760.3984962406016,11.0,160.14285714285714,0,3,0,0
0.0,0.0,1.0,0.0,20.0,0.0,30.0,1644.0,2709.0,7100.0,5.0,7.5,28363904.92857143,21696.5,671.5,28.214285714285715,11.0,87.85714285714286,0,3,0,0
0.0,0.0,0.0,0.0,8.0,0.0,30.0,1127.0,8640.0,18813.0,4.0,7.5,1204839289.7857144,12671.42857142857,23.357142857142858,3022.684210526316,11.0,91.78571428571429,0,3,0,0
0.0,0.0,0.0,1.0,13.0,0.0,26.0,6880.0,47859.0,38690.0,4.0,7.5,269404432.64285713,40185.71428571428,0.0,109.0,11.0,227.71428571428572,0,3,0,0
1.0,0.0,1.0,0.0,6.0,0.0,26.0,632.0,28044.0,64703.0,4.0,7.5,1461292122.2142856,23693641.14285714,95.85714285714286,53757.857142857145,11.0,2258.0,0,3,0,0
0.0,0.0,0.0,0.0,7.0,0.0,30.0,1083.0,10014.0,30786.0,4.0,7.5,207683942.64285713,31850.0,0.07142857142857142,376.1766917293233,11.0,207.906015037594,0,3,0,0
0.0,0.0,0.0,0.0,3.0,0.0,1.0,434.0,1449.0,782.0,5.0,7.5,3561627.285714286,0.07142857142857142,37.357142857142854,14.105263157894738,11.0,33.68421052631579,0,3,0,0
0.0,0.0,0.0,0.0,3.0,0.0,30.0,1710.0,4545.0,3486.0,5.0,7.5,21686642.785714287,1.7142857142857142,0.5714285714285714,42.251879699248114,11.0,189.21428571428572,0,3,0,0
0.0,0.0,0.0,0.0,1.0,0.0,8.0,533.0,2367.0,3642.0,4.0,7.5,20719624.42857143,135.14285714285714,2103.6428571428573,29.590225563909772,11.0,123.21428571428571,0,3,0,0
0.0,0.0,0.0,1.0,20.0,0.0,21.0,599.0,1953.0,4370.0,4.0,7.5,4110568.5,81.78571428571429,0.0,66.28195488721805,11.0,43.3609022556391,0,3,0,0
1.0,1.0,0.0,0.0,9.0,0.0,30.0,632.0,29709.0,14471.0,4.0,7.5,1308594728.0,18246.64285714286,9.5,2901.285714285714,11.0,1421.2142857142858,0,3,0,0
1.0,0.0,1.0,0.0,6.0,0.0,30.0,4944.0,78543.0,329383.0,4.0,7.5,147877368488.85715,1103820213.0,686.7142857142857,3875644.5714285714,11.0,6317.0,0,3,0,1
0.0,0.0,0.0,0.0,8.0,0.0,29.0,5450.0,12117.0,16291.0,4.0,7.5,1239705400.357143,8574.214285714286,52.642857142857146,60.5,11.0,369.92857142857144,0,3,0,0
1.0,0.0,0.0,0.0,16.0,0.0,29.0,2282.0,26613.0,30396.0,4.0,7.5,1530360693.4285715,10655.714285714286,0.0,2154.93984962406,11.0,234.0,0,3,0,0
1.0,0.0,0.0,0.0,15.0,0.0,17.0,3041.0,87027.0,25079.0,4.0,7.5,253023162.07142857,23101.928571428572,11.571428571428571,259.3872180451128,11.0,317.2857142857143,0,3,0,0
0.0,0.0,0.0,1.0,0.0,0.0,18.0,25701.0,11985.0,6645.0,4.0,7.5,65231096.14285714,78.42857142857143,0.0,130.12781954887217,11.0,55.063909774436084,0,3,0,0
1.0,0.0,0.0,0.0,4.0,0.0,28.0,4097.0,93234.0,531455.0,4.0,7.5,336000214285.7143,394308598.0714286,205.21428571428572,21421.69172932331,11.0,2881.8571428571427,4,3,0,2
1.0,0.0,0.0,0.0,15.0,0.0,21.0,6242.0,149010.0,151777.0,4.0,7.5,2268967564.357143,922362.7142857143,77.35714285714286,448.80827067669173,11.0,710.9285714285714,0,3,0,0
0.0,0.0,1.0,1.0,15.0,0.0,29.0,28165.0,44835.0,18566.0,4.0,7.5,2985808089.142857,49999.21428571428,0.0,1377.5714285714287,11.0,127.92857142857143,0,3,0,0
0.0,0.0,0.0,0.0,1.0,0.0,14.0,2040.0,35895.0,10545.0,4.0,7.5,1335959175.357143,134713.14285714287,819.0,11639.357142857143,11.0,2616.285714285714,0,3,0,0
0.0,0.0,0.0,0.0,8.0,0.0,26.0,1413.0,1311.0,405.0,4.0,7.5,13287047.642857144,3.5714285714285716,537.2142857142857,24.981203007518793,11.0,37.28195488721805,0,3,0,0
1.0,1.0,0.0,0.0,5.0,0.0,30.0,1270.0,1652265.0,1757030.0,5.0,7.5,2130153642857.1428,41357476777.92857,13.714285714285714,4016510.714285714,15981.0,83351.57142857143,1,1,4,10
1.0,1.0,0.0,0.0,10.0,0.0,30.0,1160.0,12306.0,107538.0,4.0,7.5,6891320411.142858,2949862.0,0.0,277.63157894736844,11.0,1011.0714285714286,0,3,0,0
0.0,0.0,0.0,0.0,5.0,0.0,19.0,918.0,2133.0,405.0,5.0,7.5,4845811.285714285,8.785714285714286,555.4285714285714,19.32706766917293,11.0,147.57142857142858,0,3,0,0
1.0,0.0,0.0,0.0,6.0,0.0,16.0,1655.0,2526.0,5787.0,4.0,7.5,9072049.714285715,6.714285714285714,0.6428571428571429,28.02631578947368,11.0,45.18045112781955,0,3,0,0
1.0,0.0,0.0,0.0,8.0,0.0,1.0,3822.0,34908.0,11065.0,4.0,7.5,35780664.571428575,2330.785714285714,0.14285714285714285,98.01503759398497,11.0,149.92857142857142,0,3,0,0
0.0,0.0,0.0,0.0,15.0,0.0,29.0,1017.0,3585.0,12586.0,4.0,7.5,2043413767.7857144,5422369.5,59.5,1286.6015037593984,11.0,921.5,0,3,0,0
1.0,1.0,0.0,0.0,6.0,0.0,30.0,3965.0,11655.0,37975.0,4.0,7.5,633780749.5,180059.35714285713,5.142857142857143,82.0,11.0,785.5714285714286,0,3,0,0
0.0,0.0,0.0,0.0,6.0,0.0,4.0,511.0,1473.0,483.0,5.0,7.5,19678.714285714286,0.14285714285714285,38.285714285714285,4.43609022556391,11.0,29.71428571428572,0,3,0,0
1.0,1.0,0.0,0.0,15.0,0.0,27.0,1809.0,42486.0,91587.0,4.0,7.5,4021995714.285714,566441.6428571428,54.785714285714285,209.69172932330827,11.0,1211.4285714285713,0,3,0,0
0.0,0.0,0.0,0.0,8.0,0.0,28.0,1325.0,2418.0,11689.0,4.0,7.5,34862132.0,98.0,101.5,84.04135338345864,11.0,52.5,0,3,0,0
0.0,0.0,0.0,0.0,7.0,0.0,30.0,313.0,5829.0,7308.0,4.0,7.5,16983204.14285714,1914.7142857142858,30.571428571428573,31.319548872180455,11.0,486.2142857142857,0,3,0,0
0.0,0.0,0.0,1.0,11.0,0.0,25.0,2084.0,29241.0,56682.0,4.0,7.5,993557913.4285715,217221.14285714287,0.0,415.3308270676692,11.0,427.2857142857143,0,3,0,0
1.0,0.0,1.0,0.0,9.0,0.0,30.0,1809.0,8202.0,16226.0,4.0,7.5,416465708.0,24098.428571428572,25.0,67.6578947368421,11.0,320.42857142857144,0,3,0,0
1.0,0.0,0.0,0.0,17.0,0.0,26.0,1644.0,10302.0,5267.0,4.0,7.5,42511868.71428572,163.85714285714286,1.1428571428571428,94.91353383458647,11.0,83.92857142857143,0,3,0,0
1.0,0.0,0.0,0.0,5.0,0.0,30.0,4163.0,23967.0,30071.0,4.0,7.5,1123796736.2857144,203712.85714285713,0.0,391.7142857142857,11.0,1196.5,0,3,0,0
0.0,0.0,0.0,0.0,6.0,0.0,19.0,676.0,2889.0,10116.0,5.0,7.5,35785393.0,191.85714285714286,77.14285714285714,39.17669172932331,11.0,69.0,0,3,0,0
0.0,0.0,0.0,1.0,15.0,0.0,30.0,3734.0,6093.0,25820.0,4.0,7.5,226386534.35714287,14966.857142857143,0.0,722.1766917293232,11.0,91.78571428571429,0,3,0,0
0.0,0.0,1.0,1.0,13.0,0.0,23.0,4845.0,14541.0,27627.0,4.0,7.5,73978253.5,11571.214285714286,0.0,78.00375939849623,11.0,161.71428571428572,0,3,0,0
0.0,0.0,1.0,1.0,0.0,0.0,26.0,36547.0,8067.0,10259.0,4.0,7.5,75635543.07142857,857.0714285714286,0.0,78.11654135338345,11.0,34.96616541353384,0,3,0,0
1.0,0.0,1.0,0.0,6.0,0.0,30.0,1479.0,34803.0,135033.0,4.0,7.5,5661795082.714286,385638242.21428573,38.142857142857146,5223.067669172932,11.0,2115.0,0,3,0,0
1.0,0.0,1.0,0.0,0.0,0.0,27.0,12600.0,18525.0,63754.0,4.0,7.5,3343367388.428571,858485.2142857143,151.14285714285714,285.57518796992485,11.0,576.5714285714286,0,3,0,0
0.0,0.0,0.0,1.0,13.0,0.0,30.0,16538.0,69948.0,48752.0,4.0,7.5,1510971377.5714285,317905.4285714286,0.0,954.8571428571429,11.0,395.07142857142856,0,3,0,0
1.0,0.0,0.0,0.0,6.0,0.0,7.0,357.0,1152.0,418.0,4.0,7.5,550281.7857142857,4.571428571428571,33.642857142857146,29.142857142857142,11.0,41.66541353383458,0,3,0,0
0.0,0.0,1.0,0.0,9.0,0.0,26.0,2040.0,15621.0,53367.0,4.0,7.5,1133043079.357143,520639.71428571426,0.35714285714285715,2322.2105263157896,11.0,479.92857142857144,0,3,0,0
1.0,1.0,0.0,0.0,0.0,0.0,29.0,951.0,272397.0,1142390.0,4.0,7.5,853769575322.9286,1538184979.4285715,22.0,1775.2142857142858,987.4285714285714,8117.857142857143,4,3,0,5
0.0,0.0,0.0,1.0,0.0,0.0,10.0,18243.0,23025.0,66497.0,4.0,7.5,453085174.5,42118.07142857143,0.07142857142857142,226.484962406015,11.0,222.21428571428572,0,3,0,0
1.0,0.0,1.0,0.0,0.0,0.0,29.0,1094.0,26103.0,81512.0,4.0,7.5,1056351998.6428572,215221.64285714287,92.5,135.07142857142858,11.0,480.7142857142857,0,3,0,0
0.0,0.0,1.0,1.0,0.0,0.0,30.0,30057.0,152460.0,388273.0,4.0,7.5,57365699635.57143,185749431.92857143,0.0,1186.2857142857142,11.0,2970.6428571428573,0,3,0,0
0.0,0.0,0.0,0.0,0.0,0.0,25.0,753.0,1125.0,405.0,5.0,7.5,3118085.0714285714,39.07142857142857,8.785714285714286,46.03383458646616,11.0,41.251879699248114,0,3,0,0
0.0,0.0,0.0,1.0,4.0,0.0,28.0,44665.0,11385.0,47296.0,4.0,7.5,1002083916.7857143,232757.35714285713,0.0,2496.139097744361,11.0,147.57142857142858,0,3,0,0
0.0,0.0,0.0,0.0,6.0,0.0,20.0,698.0,1623.0,1705.0,5.0,7.5,631818.2857142857,6.142857142857143,484.0,6.18421052631579,11.0,39.96992481203007,0,3,0,0
0.0,0.0,0.0,0.0,16.0,0.0,28.0,962.0,258174.0,415300.0,4.0,7.5,121392272239.0,59727006.35714286,2.142857142857143,43321.85338345864,11.0,4582.928571428572,0,3,0,1
0.0,0.0,0.0,0.0,0.0,0.0,3.0,610.0,3120.0,8751.0,5.0,7.5,28212269.14285714,1501.142857142857,157.42857142857142,79.20300751879698,11.0,160.14285714285714,0,3,0,0
0.0,0.0,1.0,1.0,15.0,0.0,22.0,22863.0,6096.0,26145.0,4.0,7.5,153706072.35714287,12276.785714285714,0.0,146.76315789473685,11.0,71.35714285714286,0,3,0,0
1.0,1.0,0.0,0.0,7.0,0.0,30.0,24084.0,2349123.0,1216308.0,4.0,7.5,3471485000000.0,52391073428.71429,0.5714285714285714,7853554.357142857,7883.857142857143,69274.71428571429,3,0,1,4
1.0,1.0,0.0,0.0,9.0,0.0,25.0,775.0,11727.0,9310.0,4.0,7.5,323513348.9285714,379.92857142857144,1.5714285714285714,182.42857142857142,11.0,611.9285714285714,0,3,0,0
0.0,0.0,1.0,0.0,20.0,0.0,29.0,1116.0,24663.0,20659.0,5.0,7.5,2776055323.857143,24746.214285714286,2846.6428571428573,89.1203007518797,11.0,2247.785714285714,0,3,0,0
0.0,0.0,1.0,1.0,8.0,0.0,28.0,16076.0,152298.0,247041.0,4.0,7.5,29326899624.714287,15975148.142857144,0.0,414.69172932330827,11.0,1991.642857142857,0,3,0,0
1.0,1.0,0.0,0.0,6.0,0.0,30.0,1545.0,886977.0,708892.0,4.0,7.5,135390826370.14285,834335483.6428572,79.5,33101.78571428572,1231.7142857142858,9311.357142857143,0,3,0,1
1.0,0.0,0.0,0.0,15.0,0.0,30.0,5813.0,40821.0,171914.0,4.0,7.5,8024583615.0,4546288.928571428,137.35714285714286,1105.5977443609022,11.0,1340.2857142857142,0,3,0,0
0.0,0.0,0.0,1.0,13.0,0.0,30.0,5362.0,558966.0,1882545.0,4.0,7.5,1680718071428.5715,8348030714.428572,23.357142857142858,42593.857142857145,11.0,36172.57142857143,1,1,2,13
1.0,1.0,0.0,0.0,5.0,0.0,30.0,2678.0,627807.0,456809.0,4.0,7.5,4855542514831.714,1683703632.857143,473.2142857142857,1393276.642857143,5426.0,28647.0,3,0,3,9
1.0,1.0,0.0,0.0,9.0,0.0,30.0,1237.0,236283.0,438583.0,4.0,7.5,233071215871.7143,1097453529.7857144,13.142857142857142,259493.2857142857,3022.4285714285716,13551.07142857143,0,3,0,1
1.0,1.0,0.0,0.0,6.0,0.0,30.0,1930.0,34437.0,51898.0,4.0,7.5,2313919873.928571,287976.14285714284,2.5714285714285716,11538.0,11.0,3161.5714285714284,0,3,0,0
1.0,0.0,1.0,0.0,6.0,0.0,30.0,4900.0,5658.0,27913.0,4.0,7.5,134836405.2857143,22783.571428571428,337.07142857142856,96.73684210526316,11.0,227.71428571428572,0,3,0,0
0.0,0.0,0.0,0.0,9.0,0.0,30.0,1171.0,8952.0,12339.0,4.0,7.5,116098201.85714285,11133.5,21.071428571428573,22.69924812030075,11.0,209.64285714285714,0,3,0,0
0.0,0.0,0.0,0.0,8.0,0.0,30.0,9355.0,2745.0,12352.0,4.0,7.5,380089047.21428573,1089.4285714285713,2.5714285714285716,676.1165413533835,11.0,121.64285714285714,0,3,0,0
0.0,0.0,0.0,0.0,4.0,0.0,16.0,588.0,999.0,561.0,4.0,7.5,8697.714285714286,0.21428571428571427,0.0,3.037593984962406,11.0,27.109022556390983,0,3,0,0
0.0,0.0,1.0,1.0,15.0,0.0,26.0,51683.0,13398.0,47179.0,4.0,7.5,1169591753.0714285,41818.42857142857,0.0,1009.3007518796992,11.0,160.7218045112782,0,3,0,0
0.0,0.0,1.0,1.0,4.0,0.0,30.0,48086.0,14817.0,46971.0,4.0,7.5,201451898.7857143,6586.428571428572,0.0,490.1917293233082,11.0,57.214285714285715,0,3,0,0
0.0,0.0,1.0,1.0,0.0,0.0,24.0,13535.0,28620.0,71632.0,4.0,7.5,1061898780.2857143,419953.4285714286,0.0,2507.2255639097743,11.0,261.5,0,3,0,0
0.0,0.0,0.0,1.0,5.0,0.0,30.0,27252.0,6849.0,8023.0,4.0,7.5,53067457.71428572,702.2857142857143,0.0,97.92481203007519,11.0,40.714285714285715,0,3,0,0
0.0,0.0,1.0,0.0,7.0,0.0,18.0,379.0,10566.0,16265.0,4.0,7.5,8920391.214285715,266.5,1.1428571428571428,23.266917293233085,11.0,204.14285714285714,0,3,0,0
1.0,1.0,0.0,0.0,15.0,0.0,30.0,1545.0,60843.0,20997.0,4.0,7.5,1416551980.357143,1312.2142857142858,86.85714285714286,2167.8571428571427,11.0,1730.0,0,3,0,0
1.0,1.0,0.0,0.0,20.0,0.0,30.0,4086.0,656739.0,1509835.0,4.0,7.5,2579274000000.0,48404828613.71429,155.14285714285714,2355784.5714285714,10096.0,60488.857142857145,1,1,4,8
1.0,1.0,0.0,0.0,9.0,0.0,30.0,566.0,32979.0,22830.0,5.0,7.5,454625815.0,19432.928571428572,157.71428571428572,6241.857142857143,11.0,1469.142857142857,0,3,0,0
0.0,0.0,1.0,1.0,4.0,0.0,30.0,3569.0,11193.0,15615.0,4.0,7.5,201065698.5,1145.7142857142858,0.0,344.04511278195486,11.0,64.28571428571429,0,3,0,0
1.0,1.0,0.0,0.0,2.0,0.0,24.0,1248.0,5508.0,4721.0,4.0,7.5,96815877.35714285,2266.1428571428573,5.428571428571429,67.13157894736841,11.0,423.35714285714283,0,3,0,0
1.0,1.0,0.0,0.0,6.0,0.0,30.0,753.0,42672.0,15875.0,4.0,7.5,906747968.7142857,77520.78571428571,1.1428571428571428,1283.4285714285713,11.0,1227.142857142857,0,3,0,0
0.0,0.0,1.0,1.0,20.0,0.0,30.0,5208.0,53265.0,78444.0,4.0,7.5,21714172960.0,20060937.85714286,7.642857142857143,216.92857142857142,11.0,2401.785714285714,0,3,0,0
0.0,0.0,0.0,0.0,0.0,0.0,28.0,599.0,1212.0,2680.0,4.0,7.5,12824517.357142856,341.92857142857144,674.9285714285714,49.484962406015036,11.0,53.90601503759399,0,3,0,0
0.0,0.0,0.0,1.0,13.0,0.0,27.0,8585.0,139929.0,401338.0,4.0,7.5,106814182457.07143,236430102.42857143,0.0,57837.96992481203,11.0,6064.0,0,3,0,1
0.0,0.0,1.0,1.0,13.0,0.0,30.0,6660.0,51696.0,151530.0,4.0,7.5,13347030089.285715,57236761.35714286,0.0,35.57142857142857,11.0,1598.7857142857142,0,3,0,0
1.0,0.0,0.0,0.0,0.0,0.0,28.0,687.0,28620.0,89429.0,4.0,7.5,1647806794.0714285,1165488.2142857143,789.7857142857143,399.46240601503763,11.0,1092.7857142857142,0,3,0,0
0.0,0.0,0.0,1.0,9.0,0.0,30.0,852.0,1236.0,483.0,4.0,7.5,108358.35714285714,0.0,0.0,7.293233082706768,11.0,27.770676691729324,0,3,0,0
0.0,0.0,1.0,0.0,20.0,0.0,26.0,874.0,2796.0,5072.0,5.0,7.5,11737705.642857144,451.0,5713.5,30.575187969924816,11.0,129.70676691729324,0,3,0,0
0.0,0.0,0.0,0.0,6.0,0.0,30.0,1545.0,2931.0,405.0,4.0,7.5,8249387.642857143,0.2857142857142857,57.285714285714285,43.10526315789474,11.0,39.597744360902254,0,3,0,0
1.0,0.0,1.0,0.0,6.0,0.0,30.0,797.0,93447.0,175762.0,5.0,7.5,20009869909.357143,137444832.7857143,2292.285714285714,3348.0714285714284,11.0,9261.857142857143,0,3,0,0
0.0,0.0,1.0,1.0,20.0,0.0,30.0,2623.0,24912.0,73803.0,4.0,7.5,1941509788.142857,184018.57142857142,0.0,1726.2105263157894,11.0,599.3571428571429,0,3,0,0
1.0,0.0,1.0,0.0,20.0,0.0,26.0,489.0,3840.0,9622.0,5.0,7.5,1672906463.0,6306.571428571428,645.8571428571429,1395.4436090225565,11.0,802.0714285714286,0,3,0,0
1.0,0.0,1.0,0.0,4.0,0.0,30.0,1952.0,30084.0,187592.0,4.0,7.5,26681975326.07143,30653582.14285714,7084.571428571428,1623.642857142857,11.0,4274.928571428572,0,3,0,0
1.0,1.0,0.0,0.0,20.0,0.0,26.0,2964.0,17496.0,81876.0,4.0,7.5,5247225129.0,3022967.785714286,0.35714285714285715,32.214285714285715,11.0,2209.285714285714,0,3,0,0
1.0,1.0,0.0,0.0,6.0,0.0,25.0,1809.0,131553.0,80355.0,4.0,7.5,7732608277.285714,4257600.714285715,16.214285714285715,67463.28571428571,11.0,7122.357142857143,0,3,0,0
0.0,0.0,1.0,1.0,15.0,0.0,30.0,4273.0,3621.0,14549.0,4.0,7.5,61349053.14285714,1540.7142857142858,0.0,84.3533834586466,11.0,47.785714285714285,0,3,0,0
0.0,0.0,1.0,1.0,8.0,0.0,30.0,16659.0,240141.0,267087.0,4.0,7.5,217631428571.42856,27801215.92857143,0.0,213.85714285714286,11.0,5464.5,0,3,0,1
1.0,0.0,1.0,0.0,8.0,0.0,27.0,907.0,234987.0,22180.0,4.0,7.5,11637165721.357143,131100.7857142857,2289.6428571428573,8041.857142857143,11.0,4837.5,0,3,0,0
1.0,1.0,0.0,0.0,20.0,0.0,28.0,3987.0,27603.0,28511.0,5.0,7.5,1080023411.7857144,55277.5,18.571428571428573,440.07142857142856,11.0,1330.857142857143,0,3,0,0
0.0,0.0,0.0,0.0,8.0,0.0,6.0,3943.0,21189.0,14224.0,4.0,7.5,981172687.0,892.2857142857143,228.71428571428572,18.857142857142858,11.0,703.8571428571429,0,3,0,0
0.0,0.0,0.0,1.0,15.0,0.0,20.0,29617.0,2277.0,10207.0,4.0,7.5,30570229.85714286,511.7857142857143,0.2857142857142857,85.56015037593986,11.0,37.36466165413533,0,3,0,0
0.0,0.0,0.0,1.0,0.0,0.0,29.0,46469.0,10275.0,8010.0,4.0,7.5,66262279.14285714,423.0,0.0,97.62406015037594,11.0,55.22932330827067,0,3,0,0
0.0,0.0,0.0,0.0,7.0,0.0,28.0,588.0,3078.0,4617.0,4.0,7.5,134955102.2857143,648.6428571428571,290.07142857142856,274.19172932330827,11.0,390.35714285714283,0,3,0,0
1.0,0.0,1.0,0.0,11.0,0.0,30.0,2458.0,9183.0,62896.0,5.0,7.5,1717242297.7857144,1032545.5714285715,4.428571428571429,220.21428571428572,11.0,582.0714285714286,0,3,0,0
0.0,0.0,1.0,1.0,8.0,0.0,30.0,2942.0,34905.0,15251.0,4.0,7.5,465409183.0714286,14683.42857142857,0.0,740.4248120300751,11.0,333.0,0,3,0,0
0.0,0.0,0.0,0.0,3.0,0.0,30.0,445.0,1059.0,405.0,5.0,7.5,665991.8571428572,0.35714285714285715,98.57142857142857,10.864661654135336,11.0,52.5,0,3,0,0
0.0,0.0,1.0,1.0,5.0,0.0,28.0,24854.0,11898.0,36389.0,4.0,7.5,1166788202.642857,79818.57142857143,0.0,1457.9398496240603,11.0,286.64285714285717,0,3,0,0
0.0,0.0,1.0,1.0,1.0,0.0,26.0,60362.0,19692.0,30474.0,4.0,7.5,2172753742.857143,280943.21428571426,0.0,745.8120300751879,11.0,559.2857142857143,0,3,0,0
1.0,0.0,1.0,0.0,0.0,0.0,30.0,2040.0,32868.0,159252.0,4.0,7.5,27826387989.714287,36422150.28571428,0.0,37809.417293233084,11.0,1466.7857142857142,0,3,0,0
0.0,0.0,0.0,0.0,3.0,0.0,28.0,973.0,26940.0,4981.0,4.0,7.5,46302986.35714286,459.64285714285717,11.285714285714286,356.14285714285717,11.0,403.7142857142857,0,3,0,0
0.0,0.0,1.0,0.0,1.0,0.0,30.0,731.0,10965.0,19190.0,4.0,7.5,83205829.64285715,1747.857142857143,252.78571428571428,21.037593984962406,11.0,307.85714285714283,0,3,0,0
0.0,0.0,0.0,1.0,20.0,0.0,30.0,13480.0,118713.0,539021.0,4.0,7.5,335406500000.0,2088036981.5714285,174.0,38.5,11.0,5657.0,4,3,0,2
0.0,0.0,0.0,1.0,20.0,0.0,24.0,20839.0,12495.0,36558.0,4.0,7.5,1340427139.5714285,206713.07142857142,0.0,1875.5413533834585,11.0,433.57142857142856,0,3,0,0
0.0,0.0,0.0,1.0,8.0,0.0,30.0,10598.0,93138.0,70592.0,4.0,7.5,7944942875898.571,3162599.5,2.7142857142857144,883.8571428571429,11.0,6507.142857142857,2,2,5,14
0.0,1.0,0.0,1.0,7.0,0.0,30.0,21521.0,182421.0,213085.0,4.0,7.5,190542357142.85715,52129513.21428572,0.0,29363.14285714286,11.0,7525.428571428572,0,3,0,1
1.0,1.0,0.0,0.0,6.0,0.0,22.0,621.0,9150.0,9778.0,5.0,7.5,3306524.8571428573,914.6428571428571,4.5,13.458646616541355,11.0,138.92857142857142,0,3,0,0
0.0,0.0,0.0,1.0,13.0,0.0,9.0,4108.0,6231.0,3044.0,4.0,7.5,8898594.142857144,296.7857142857143,0.0,31.951127819548876,11.0,84.21804511278197,0,3,0,0
1.0,0.0,0.0,0.0,4.0,0.0,28.0,1435.0,19518.0,165570.0,4.0,7.5,39272656046.5,30293309.785714287,8.357142857142858,4037.2255639097743,11.0,877.5,0,3,0,0
0.0,0.0,1.0,1.0,20.0,0.0,20.0,14723.0,47931.0,36259.0,4.0,7.5,546084498.4285715,10005.92857142857,0.0,34.42857142857143,11.0,604.0714285714286,0,3,0,0
0.0,0.0,0.0,1.0,20.0,0.0,30.0,1358.0,15597.0,13951.0,4.0,7.5,434444087.64285713,1700.642857142857,49.07142857142857,739.7631578947368,11.0,91.90977443609025,0,3,0,0
0.0,0.0,0.0,0.0,8.0,0.0,10.0,280.0,1044.0,3863.0,5.0,7.5,2219.8571428571427,134.57142857142858,132.71428571428572,2.5413533834586466,11.0,31.451127819548862,0,3,0,0
0.0,0.0,0.0,0.0,1.0,0.0,8.0,467.0,1287.0,405.0,5.0,7.5,8374253.0,43.857142857142854,3366.4285714285716,12.093984962406015,11.0,192.0676691729323,0,3,0,0
0.0,0.0,0.0,0.0,8.0,0.0,19.0,885.0,94755.0,11754.0,4.0,7.5,122708119.92857143,627.0714285714286,437.5,21.72556390977444,11.0,603.2857142857143,0,3,0,0
0.0,0.0,1.0,1.0,13.0,0.0,30.0,1787.0,22398.0,18449.0,4.0,7.5,141524627.2142857,1830.9285714285713,0.0,133.1203007518797,11.0,105.92857142857143,0,3,0,0
1.0,0.0,1.0,0.0,6.0,0.0,30.0,4405.0,253779.0,540932.0,4.0,7.5,182742537427.85715,534894499.78571427,4047.5,16348.0,11.0,7215.071428571428,0,3,0,1
0.0,0.0,0.0,0.0,14.0,0.0,25.0,533.0,2055.0,16850.0,4.0,7.5,158709128.7142857,5547.5,563.0714285714286,454.4661654135339,11.0,94.14285714285714,0,3,0,0
1.0,0.0,0.0,0.0,0.0,0.0,30.0,6253.0,32262.0,5020.0,4.0,7.5,12575296.07142857,75.57142857142857,0.0,20.101503759398494,11.0,79.21428571428571,0,3,0,0
1.0,1.0,0.0,0.0,1.0,0.0,30.0,235383.0,465885.0,1402650.0,5.0,7.5,4125495714285.7144,4567138814.071428,72.28571428571429,1405352.0714285714,11.0,56607.42857142857,3,0,1,11
0.0,0.0,0.0,1.0,3.0,0.0,29.0,7958.0,54753.0,5592.0,5.0,7.5,1458915348.9285715,410.14285714285717,13.714285714285714,5364.928571428572,11.0,1288.4285714285713,0,3,0,0
0.0,0.0,0.0,0.0,20.0,0.0,30.0,434.0,1479.0,1731.0,4.0,7.5,11378698.785714285,8.428571428571429,49.642857142857146,91.54511278195487,11.0,88.10526315789473,0,3,0,0
0.0,0.0,1.0,1.0,13.0,0.0,28.0,4229.0,2892.0,7672.0,4.0,7.5,33198470.714285713,4583.714285714285,1.1428571428571428,92.1203007518797,11.0,93.52255639097744,0,3,0,0
0.0,0.0,0.0,1.0,2.0,0.0,27.0,4801.0,21921.0,28810.0,4.0,7.5,803250988.7857143,18937.785714285714,0.0,1243.6353383458645,11.0,153.07142857142858,0,3,0,0
0.0,0.0,0.0,0.0,20.0,0.0,20.0,1798.0,32841.0,3304.0,5.0,7.5,22936307.42857143,123.57142857142857,40.07142857142857,51.87218045112782,11.0,288.25563909774434,0,3,0,0
0.0,0.0,1.0,1.0,20.0,0.0,30.0,6462.0,30894.0,92692.0,4.0,7.5,5190147377.0,3353964.9285714286,0.0,3007.063909774436,11.0,843.7142857142857,0,3,0,0
1.0,1.0,0.0,0.0,6.0,0.0,29.0,610.0,17127.0,4630.0,4.0,7.5,56656931.71428572,58533.92857142857,2.5,179.28571428571428,11.0,707.7857142857143,0,3,0,0
1.0,0.0,0.0,0.0,0.0,0.0,30.0,4625.0,105216.0,214684.0,4.0,7.5,6841443383.428572,9902708.142857144,0.07142857142857142,2117.921052631579,11.0,1147.7857142857142,0,3,0,0
1.0,0.0,0.0,0.0,0.0,0.0,30.0,4845.0,243285.0,592828.0,4.0,7.5,236534071428.57144,252670514.7142857,0.0,59.0,11.0,4260.0,0,3,0,1
1.0,0.0,0.0,0.0,0.0,0.0,30.0,3492.0,288825.0,1040782.0,4.0,7.5,265579432822.92856,3872654213.142857,0.0,207.35714285714286,11.0,6952.642857142857,0,3,0,1
1.0,1.0,0.0,0.0,0.0,0.0,20.0,1534.0,4680.0,2498.0,4.0,7.5,44779837.0,659.5714285714286,3.5714285714285716,57.142857142857146,11.0,350.2857142857143,0,3,0,0
0.0,0.0,0.0,0.0,0.0,0.0,17.0,335.0,3534.0,8569.0,4.0,7.5,162383490.2142857,43954.07142857143,40.857142857142854,545.9060150375941,11.0,323.53007518796994,0,3,0,0
0.0,0.0,0.0,0.0,8.0,0.0,1.0,720.0,4233.0,431.0,4.0,7.5,323837.21428571426,0.0,517.8571428571429,6.353383458646617,11.0,35.17293233082707,0,3,0,0
0.0,0.0,1.0,1.0,20.0,0.0,28.0,2865.0,6999.0,6060.0,4.0,7.5,535128524.0,7984.142857142857,484.0,197.33082706766916,11.0,290.57142857142856,0,3,0,0
1.0,0.0,1.0,0.0,8.0,0.0,27.0,1204.0,51498.0,87856.0,4.0,7.5,15177361736.214285,3789878.8571428573,182.71428571428572,1093.142857142857,11.0,3722.5714285714284,0,3,0,0
0.0,0.0,0.0,1.0,9.0,0.0,29.0,11192.0,14472.0,19788.0,4.0,7.5,6616373927.785714,1920317.0714285714,0.0,1660.0902255639098,11.0,811.5,0,3,0,0
0.0,0.0,1.0,1.0,15.0,0.0,30.0,27549.0,39159.0,67719.0,4.0,7.5,2341230334.785714,85096.28571428571,0.0,881.8796992481202,11.0,389.57142857142856,0,3,0,0
1.0,0.0,1.0,0.0,11.0,0.0,30.0,258.0,22482.0,145342.0,4.0,7.5,82701233495.42857,1256487075.5,117.0,164147.0,11.0,9746.642857142857,0,3,0,0
0.0,0.0,0.0,1.0,0.0,0.0,18.0,3294.0,1791.0,8075.0,4.0,7.5,3578634.5,3.7857142857142856,0.0,25.492481203007515,11.0,45.92481203007519,0,3,0,0
0.0,0.0,0.0,0.0,1.0,0.0,17.0,1215.0,2238.0,2758.0,5.0,7.5,7877863.214285715,74.78571428571429,42.357142857142854,23.492481203007518,11.0,97.28571428571429,0,3,0,0
0.0,0.0,1.0,0.0,20.0,0.0,30.0,621.0,1443.0,405.0,4.0,7.5,55032664.928571425,145057.35714285713,233.21428571428572,16.135338345864664,11.0,143.64285714285714,0,3,0,0
1.0,1.0,0.0,0.0,11.0,0.0,30.0,1039.0,44109.0,79198.0,4.0,7.5,1560799580.5714285,1239768.2857142857,7.142857142857143,55766.42857142857,11.0,4709.428571428572,0,3,0,0
0.0,0.0,0.0,1.0,20.0,0.0,30.0,2370.0,2370.0,3161.0,4.0,7.5,5189187.142857143,16.785714285714285,0.0,25.82706766917294,11.0,51.17669172932331,0,3,0,0
0.0,0.0,0.0,0.0,20.0,0.0,22.0,577.0,6387.0,4422.0,5.0,7.5,23107518.285714287,185.28571428571428,4031.6428571428573,107.28571428571429,11.0,608.7857142857143,0,3,0,0
1.0,1.0,0.0,0.0,3.0,0.0,30.0,12435.0,53337.0,40536.0,5.0,7.5,3284606454.785714,314379.4285714286,29.285714285714285,132.28571428571428,11.0,1462.0714285714287,0,3,0,0
0.0,0.0,0.0,1.0,8.0,0.0,30.0,16538.0,183561.0,197719.0,4.0,7.5,40307172417.5,14144304.42857143,0.0,31.357142857142858,11.0,1738.642857142857,0,3,0,0
1.0,0.0,1.0,0.0,20.0,0.0,29.0,874.0,29073.0,26002.0,5.0,7.5,196515558.14285713,38485.57142857143,324.35714285714283,154.78571428571428,11.0,366.7857142857143,0,3,0,0
1.0,1.0,0.0,0.0,8.0,0.0,30.0,8827.0,91587.0,113141.0,4.0,7.5,142213972361.14285,36421674.71428572,176.07142857142858,4664.357142857143,701.0,8802.214285714286,0,3,0,1
0.0,0.0,0.0,1.0,10.0,0.0,26.0,9102.0,1239.0,1198.0,4.0,7.5,2882141.0,0.07142857142857142,0.0,13.639097744360901,11.0,61.92857142857144,0,3,0,0
0.0,0.0,0.0,1.0,9.0,0.0,30.0,15108.0,145512.0,544195.0,4.0,7.5,203037571428.57144,232618231.85714287,0.0,39.357142857142854,11.0,4675.642857142857,0,3,0,1
1.0,1.0,0.0,0.0,11.0,0.0,25.0,2557.0,27039.0,30422.0,4.0,7.5,220342354.2857143,113625.71428571429,0.07142857142857142,129.22180451127818,11.0,313.35714285714283,0,3,0,0
0.0,0.0,0.0,1.0,0.0,0.0,20.0,2590.0,2865.0,1172.0,4.0,7.5,12558738.142857144,37.0,0.0,42.25563909774436,11.0,83.01879699248119,0,3,0,0
0.0,0.0,0.0,1.0,2.0,0.0,26.0,1732.0,6981.0,4500.0,4.0,7.5,617136.4285714285,0.2857142857142857,0.2857142857142857,5.845864661654136,11.0,37.778195488721806,0,3,0,0
0.0,0.0,0.0,1.0,3.0,0.0,26.0,6473.0,4254.0,3135.0,4.0,7.5,223921334.7857143,120.14285714285714,0.0,147.32706766917292,11.0,588.3571428571429,0,3,0,0
1.0,0.0,0.0,0.0,2.0,0.0,30.0,951.0,8448.0,405.0,4.0,7.5,2837685599.785714,241390.85714285713,0.2857142857142857,4015.5714285714284,11.0,346.35714285714283,0,3,0,0
1.0,0.0,0.0,0.0,0.0,0.0,19.0,720.0,15819.0,16356.0,4.0,7.5,78681473.71428572,4121.642857142857,18.071428571428573,766.857142857143,11.0,145.21428571428572,0,3,0,0
0.0,0.0,1.0,1.0,5.0,0.0,28.0,2722.0,2724.0,6216.0,4.0,7.5,8223380.142857143,209.42857142857142,0.0,52.631578947368425,11.0,35.25563909774436,0,3,0,0
0.0,0.0,0.0,1.0,13.0,0.0,22.0,643.0,8160.0,5475.0,4.0,7.5,2133023.214285714,46.42857142857143,0.35714285714285715,9.515037593984962,11.0,69.66165413533835,0,3,0,0
0.0,0.0,1.0,1.0,0.0,0.0,30.0,2205.0,10167.0,39314.0,4.0,7.5,549596955.2857143,215703.35714285713,0.0,839.9436090225563,11.0,344.7857142857143,0,3,0,0
0.0,0.0,0.0,0.0,3.0,0.0,2.0,291.0,1332.0,2706.0,5.0,7.5,35292.28571428572,148.35714285714286,173.64285714285714,4.804511278195489,11.0,30.665413533834588,0,3,0,0
0.0,0.0,0.0,0.0,6.0,0.0,16.0,313.0,1056.0,1861.0,5.0,7.5,209219.2142857143,52.0,18.5,5.402255639097744,11.0,26.94360902255639,0,3,0,0
0.0,0.0,0.0,0.0,14.0,0.0,6.0,577.0,990.0,405.0,5.0,7.5,123244.35714285714,1.6428571428571428,11.714285714285714,7.387218045112782,11.0,34.71804511278196,0,3,0,0
0.0,0.0,1.0,1.0,13.0,0.0,29.0,1622.0,13737.0,23727.0,4.0,7.5,329886815.5714286,9534.285714285714,2.142857142857143,171.54135338345864,11.0,146.78571428571428,0,3,0,0
1.0,1.0,0.0,0.0,6.0,0.0,26.0,1347.0,7800.0,6515.0,4.0,7.5,232094571.5,15218.0,209.21428571428572,115.71428571428571,11.0,417.85714285714283,0,3,0,0
0.0,0.0,0.0,0.0,6.0,0.0,30.0,522.0,1086.0,548.0,5.0,7.5,131930.7857142857,0.21428571428571427,59.357142857142854,6.582706766917292,11.0,29.30075187969925,0,3,0,0
0.0,0.0,1.0,1.0,0.0,0.0,17.0,2304.0,60849.0,84281.0,4.0,7.5,4145851311.214286,1166571.7142857143,0.0,2340.917293233083,11.0,331.42857142857144,0,3,0,0
0.0,0.0,0.0,1.0,13.0,0.0,30.0,2403.0,131043.0,484239.0,4.0,7.5,9426101858.571428,15571684.714285715,0.2857142857142857,55.357142857142854,11.0,1820.357142857143,0,3,0,0
0.0,0.0,0.0,1.0,0.0,0.0,26.0,2788.0,20460.0,22271.0,4.0,7.5,278019765.21428573,25161.928571428572,0.0,262.2105263157895,11.0,211.21428571428572,0,3,0,0
0.0,0.0,0.0,0.0,7.0,0.0,9.0,357.0,1806.0,1315.0,5.0,7.5,148457.85714285713,0.42857142857142855,2.0714285714285716,7.943609022556392,11.0,36.16541353383459,0,3,0,0
0.0,0.0,0.0,1.0,15.0,0.0,21.0,1567.0,1077.0,418.0,5.0,7.5,152564.57142857142,0.14285714285714285,0.0,4.105263157894736,11.0,25.0,0,3,0,0
1.0,0.0,0.0,0.0,19.0,0.0,26.0,852.0,8946.0,46477.0,4.0,7.5,949011909.4285715,18030.35714285714,111.78571428571429,39.81203007518798,11.0,1004.7857142857143,0,3,0,0
0.0,0.0,1.0,0.0,16.0,0.0,26.0,577.0,3717.0,405.0,4.0,7.5,465233475.71428573,21646.0,185.5,203.71428571428572,11.0,879.0714285714286,0,3,0,0
0.0,0.0,0.0,0.0,16.0,0.0,25.0,1633.0,29823.0,9414.0,4.0,7.5,332165204.0,269.7857142857143,115.5,20.296992481203006,11.0,289.7857142857143,0,3,0,0
1.0,1.0,0.0,0.0,6.0,0.0,27.0,951.0,3225.0,1315.0,4.0,7.5,881718.8571428572,5.357142857142857,10.285714285714286,4.808270676691729,11.0,104.35714285714286,0,3,0,0
1.0,0.0,1.0,0.0,11.0,0.0,30.0,709.0,58767.0,201671.0,5.0,7.5,6923599751.928572,23840571.285714287,37.57142857142857,7671.5,11.0,2638.285714285714,0,3,0,0
1.0,1.0,0.0,0.0,20.0,0.0,30.0,599.0,47430.0,7165.0,4.0,7.5,650332910.7142857,83.21428571428571,4.214285714285714,1053.5714285714287,11.0,1951.5714285714287,0,3,0,0
1.0,1.0,0.0,0.0,6.0,0.0,30.0,313.0,353865.0,546509.0,4.0,7.5,26033776355.214287,196791291.7142857,0.35714285714285715,81996.5,11.714285714285714,8620.714285714286,0,3,0,0
0.0,0.0,0.0,0.0,1.0,0.0,30.0,2502.0,16701.0,29317.0,4.0,7.5,732212990.4285715,7170.357142857143,1430.5714285714287,339.53007518796994,11.0,397.42857142857144,0,3,0,0
1.0,0.0,1.0,0.0,9.0,0.0,30.0,1281.0,477615.0,1388116.0,4.0,7.5,1307500500000.0,13402862758.5,1.4285714285714286,169447.92857142858,11.0,18688.071428571428,1,1,2,12
1.0,0.0,0.0,0.0,8.0,0.0,23.0,643.0,43005.0,27536.0,4.0,7.5,2646108091.5,3572.3571428571427,1259.357142857143,878.5977443609024,11.0,1882.4285714285713,0,3,0,0
1.0,0.0,1.0,0.0,6.0,0.0,30.0,3976.0,43785.0,280893.0,5.0,7.5,24899344241.42857,14319614.142857144,83.71428571428571,700.2857142857143,11.0,4853.214285714285,0,3,0,0
0.0,0.0,0.0,1.0,14.0,0.0,2.0,280.0,1620.0,418.0,4.0,7.5,6730.357142857143,0.0,0.0,2.9699248120300745,11.0,30.4172932330827,0,3,0,0
1.0,1.0,0.0,0.0,20.0,0.0,30.0,753.0,115215.0,287900.0,4.0,7.5,36754169609.64286,678486431.2142857,2.7142857142857144,34466.642857142855,11.0,7769.785714285715,0,3,0,0
0.0,0.0,0.0,0.0,5.0,0.0,10.0,555.0,4041.0,2277.0,4.0,7.5,3491399.285714286,0.8571428571428571,295.35714285714283,38.00751879699248,11.0,76.85714285714286,0,3,0,0
1.0,0.0,0.0,0.0,7.0,0.0,28.0,1193.0,39252.0,81083.0,4.0,7.5,9526792129.071428,2129743.1428571427,59.785714285714285,22.714285714285715,11.0,949.7857142857143,0,3,0,0
0.0,0.0,0.0,1.0,20.0,0.0,8.0,5395.0,6972.0,18436.0,4.0,7.5,381242964.71428573,50751.78571428572,0.0,828.0263157894735,11.0,113.6203007518797,0,3,0,0
0.0,0.0,0.0,0.0,17.0,0.0,6.0,1270.0,1200.0,1081.0,4.0,7.5,41573.42857142857,0.0,2.0714285714285716,5.883458646616542,11.0,30.127819548872186,0,3,0,0
0.0,0.0,0.0,1.0,13.0,0.0,30.0,12611.0,8709.0,48492.0,4.0,7.5,497656027.14285713,68940.64285714286,0.2857142857142857,699.5526315789474,11.0,170.35714285714286,0,3,0,0
1.0,0.0,0.0,0.0,8.0,0.0,30.0,863.0,31794.0,85087.0,4.0,7.5,402338538.71428573,17847.714285714286,46.857142857142854,74.57894736842105,11.0,685.7857142857143,0,3,0,0
0.0,0.0,0.0,0.0,3.0,0.0,2.0,500.0,1470.0,886.0,4.0,7.5,713249.7857142857,0.2857142857142857,382.2142857142857,8.76315789473684,11.0,66.06390977443608,0,3,0,0
1.0,1.0,0.0,0.0,20.0,0.0,30.0,511.0,23952.0,59191.0,4.0,7.5,31815236899.857143,4596432.928571428,19.785714285714285,3358.8571428571427,11.0,1292.357142857143,0,3,0,0
0.0,0.0,0.0,0.0,6.0,0.0,14.0,1204.0,1758.0,2277.0,5.0,7.5,368710.0,5.785714285714286,19.714285714285715,5.413533834586466,11.0,32.3609022556391,0,3,0,0
0.0,0.0,1.0,1.0,20.0,0.0,24.0,7771.0,2211.0,11611.0,4.0,7.5,623865820.0714285,98497.0,0.0,1108.4924812030074,11.0,349.5,0,3,0,0
0.0,0.0,1.0,1.0,4.0,0.0,29.0,3327.0,6057.0,16538.0,4.0,7.5,260621446.64285713,3280.1428571428573,0.21428571428571427,512.3872180451128,11.0,76.85714285714286,0,3,0,0
0.0,1.0,0.0,1.0,20.0,0.0,29.0,1006.0,81615.0,145953.0,4.0,7.5,15326282527.5,9265411.642857144,7.142857142857143,22988.785714285714,11.0,2671.285714285714,0,3,0,0
0.0,0.0,0.0,1.0,3.0,0.0,12.0,500.0,1428.0,5878.0,4.0,7.5,3011335.5,179.21428571428572,0.0,18.315789473684212,11.0,51.09398496240601,0,3,0,0
0.0,0.0,0.0,1.0,15.0,0.0,8.0,3613.0,4872.0,15355.0,4.0,7.5,161699911.14285713,118.21428571428571,0.0,1080.4436090225565,11.0,48.07518796992481,0,3,0,0
1.0,1.0,0.0,0.0,12.0,0.0,30.0,368.0,35007.0,10623.0,4.0,7.5,254154160055.7143,9897.285714285714,2.2142857142857144,13382.92857142857,11.0,3215.0,0,3,0,1
1.0,0.0,0.0,0.0,7.0,0.0,29.0,588.0,8433.0,9960.0,4.0,7.5,75877788.78571428,1112.0714285714287,2.7142857142857144,998.7142857142857,11.0,512.1428571428571,0,3,0,0
0.0,0.0,1.0,0.0,20.0,0.0,25.0,357.0,11844.0,17435.0,5.0,7.5,189286603.92857143,198418.2142857143,65.64285714285714,142.07142857142858,11.0,927.0,0,3,0,0
0.0,0.0,0.0,0.0,8.0,0.0,30.0,6693.0,6957.0,4110.0,5.0,7.5,163518105.14285713,145.57142857142858,46.357142857142854,52.436090225563916,11.0,230.07142857142858,0,3,0,0
0.0,0.0,0.0,1.0,7.0,0.0,30.0,709.0,7203.0,9245.0,4.0,7.5,58826838.928571425,132.5,49.857142857142854,62.22556390977444,11.0,78.55263157894737,0,3,0,0
1.0,0.0,1.0,0.0,6.0,0.0,30.0,324.0,9426.0,52860.0,4.0,7.5,759916113.3571428,237795.35714285713,0.6428571428571429,863.0375939849624,11.0,230.85714285714286,0,3,0,0
1.0,0.0,1.0,0.0,20.0,0.0,30.0,1116.0,37188.0,44397.0,4.0,7.5,3386271948.5,1288446.5714285714,26.285714285714285,900.6353383458646,11.0,1816.4285714285713,0,3,0,0
0.0,0.0,0.0,1.0,0.0,0.0,8.0,599.0,20391.0,8244.0,4.0,7.5,4444164.0,49.07142857142857,1.1428571428571428,57.23308270676692,11.0,40.796992481203006,0,3,0,0
0.0,0.0,0.0,1.0,2.0,0.0,7.0,863.0,2274.0,4604.0,4.0,7.5,9208473.714285715,306.85714285714283,0.0,82.45488721804512,11.0,61.06015037593985,0,3,0,0
0.0,0.0,0.0,1.0,0.0,0.0,4.0,1490.0,2388.0,7100.0,4.0,7.5,9753521.357142856,15.357142857142858,0.0,65.59398496240603,11.0,63.16917293233082,0,3,0,0
0.0,0.0,0.0,1.0,20.0,0.0,11.0,5846.0,4827.0,6372.0,4.0,7.5,87221631.28571428,241.78571428571428,0.0,182.3195488721805,11.0,82.15037593984962,0,3,0,0
0.0,0.0,0.0,0.0,20.0,0.0,30.0,522.0,1680.0,743.0,4.0,7.5,221467.2142857143,0.5714285714285714,2.4285714285714284,5.026315789473684,11.0,31.327067669172937,0,3,0,0
1.0,0.0,0.0,0.0,20.0,0.0,23.0,7045.0,25170.0,54693.0,4.0,7.5,1087856753.0,69804.5,5.285714285714286,2743.7593984962405,11.0,347.92857142857144,0,3,0,0
0.0,0.0,0.0,1.0,8.0,0.0,30.0,1116.0,63870.0,65366.0,4.0,7.5,3622044407.0,207289.92857142858,2.2142857142857144,66.296992481203,11.0,1462.0714285714287,0,3,0,0
0.0,0.0,1.0,1.0,20.0,0.0,27.0,1743.0,9849.0,22323.0,4.0,7.5,348566616.78571427,1026.5714285714287,5.642857142857143,48.18421052631579,11.0,54.2781954887218,0,3,0,0
0.0,0.0,0.0,0.0,8.0,0.0,29.0,324.0,12912.0,7308.0,5.0,7.5,566779896.9285715,615515.4285714285,116.78571428571429,8736.857142857143,11.0,3967.714285714286,0,3,0,0
0.0,0.0,1.0,1.0,0.0,0.0,7.0,4746.0,5970.0,11715.0,4.0,7.5,21189427.214285713,81.92857142857143,0.0,94.75939849624059,11.0,59.11654135338346,0,3,0,0
0.0,0.0,1.0,1.0,13.0,0.0,30.0,3734.0,28431.0,126635.0,4.0,7.5,7371663669.714286,6299532.428571428,0.0,25.285714285714285,11.0,1174.5,0,3,0,0
0.0,0.0,0.0,1.0,4.0,0.0,30.0,1369.0,10311.0,76559.0,4.0,7.5,914163341.2142857,67356.92857142857,0.0,1944.8383458646615,11.0,140.08646616541355,0,3,0,0
1.0,0.0,1.0,0.0,6.0,0.0,30.0,973.0,47544.0,111594.0,5.0,7.5,15614584782.428572,8539398.857142856,63.0,66242.14285714286,11.0,5466.857142857143,0,3,0,0
0.0,0.0,1.0,1.0,9.0,0.0,27.0,1765.0,17742.0,61323.0,4.0,7.5,2805701479.0,617225.0,0.0,823.9172932330829,11.0,736.0714285714286,0,3,0,0
0.0,0.0,1.0,1.0,20.0,0.0,18.0,3569.0,8010.0,24650.0,4.0,7.5,299162710.21428573,9796.142857142857,0.0,171.0563909774436,11.0,147.57142857142858,0,3,0,0
0.0,0.0,0.0,1.0,13.0,0.0,25.0,7122.0,3462.0,6164.0,4.0,7.5,18063178.5,1235.642857142857,0.0,38.142857142857146,11.0,94.14285714285714,0,3,0,0
0.0,0.0,1.0,0.0,6.0,0.0,27.0,599.0,1809.0,16083.0,5.0,7.5,8665844.285714285,27297.35714285714,38.285714285714285,56.379699248120296,11.0,146.78571428571428,0,3,0,0
1.0,0.0,0.0,0.0,1.0,0.0,30.0,1963.0,52548.0,225838.0,4.0,7.5,50114650557.78571,52240878.0,24.285714285714285,326.07142857142856,11.0,6421.5,0,3,0,0
1.0,1.0,0.0,0.0,7.0,0.0,28.0,3426.0,11445.0,11780.0,4.0,7.5,3014283450.5,21459.785714285714,8.428571428571429,432.35714285714283,11.0,2749.0714285714284,0,3,0,0
0.0,0.0,1.0,1.0,8.0,0.0,30.0,6858.0,11277.0,27757.0,4.0,7.5,270156092.35714287,4041.6428571428573,0.0,296.25187969924815,11.0,176.64285714285714,0,3,0,0
1.0,0.0,1.0,0.0,20.0,0.0,25.0,456.0,6582.0,9440.0,5.0,7.5,63748735.28571428,2523.3571428571427,830.3571428571429,43.21804511278196,11.0,611.1428571428571,0,3,0,0
1.0,0.0,1.0,0.0,0.0,0.0,30.0,709.0,19065.0,63767.0,4.0,7.5,18078320144.57143,969873.8571428572,34.785714285714285,4401.428571428572,11.0,2301.214285714286,0,3,0,0
0.0,0.0,0.0,0.0,15.0,0.0,30.0,1259.0,27321.0,16512.0,4.0,7.5,5895513272.285714,13090.42857142857,424.57142857142856,4442.96992481203,11.0,201.0,0,3,0,0
0.0,0.0,0.0,1.0,1.0,0.0,10.0,1886.0,3474.0,7789.0,4.0,7.5,1252976.357142857,71.42857142857143,0.0,8.266917293233082,11.0,33.06390977443609,0,3,0,0
1.0,0.0,0.0,0.0,6.0,0.0,30.0,643.0,11220.0,29070.0,4.0,7.5,656906678.0714285,927362.2142857143,296.07142857142856,118.07142857142857,11.0,1843.9285714285713,0,3,0,0
0.0,0.0,0.0,0.0,6.0,0.0,11.0,434.0,2835.0,4032.0,4.0,7.5,2598767.6428571427,5.285714285714286,0.0,8.669172932330827,11.0,41.37593984962406,0,3,0,0
0.0,0.0,0.0,0.0,3.0,0.0,27.0,500.0,3873.0,6853.0,5.0,7.5,106463715.35714285,3239.3571428571427,120.71428571428571,20.484962406015036,11.0,517.6428571428571,0,3,0,0
0.0,0.0,0.0,0.0,6.0,0.0,12.0,313.0,1005.0,405.0,5.0,7.5,746967.9285714285,0.0,1.0714285714285714,8.428571428571427,11.0,31.1203007518797,0,3,0,0
0.0,0.0,0.0,0.0,0.0,0.0,28.0,1886.0,11259.0,11039.0,5.0,7.5,10393736.5,311.35714285714283,215.0,12.988721804511277,11.0,142.07142857142858,0,3,0,0
1.0,0.0,1.0,0.0,6.0,0.0,29.0,841.0,17622.0,47868.0,5.0,7.5,595023724.5714285,314831.71428571426,349.5,292.2857142857143,11.0,1106.142857142857,0,3,0,0
1.0,1.0,0.0,0.0,6.0,0.0,30.0,698.0,5940.0,28329.0,4.0,7.5,571673820.1428572,1138542.2142857143,103.42857142857143,4961.642857142857,11.0,967.8571428571429,0,3,0,0
1.0,1.0,0.0,0.0,9.0,0.0,23.0,3734.0,11310.0,12248.0,4.0,7.5,2649068193.571429,137278.57142857142,29.642857142857142,236.78571428571428,11.0,1950.7857142857142,0,3,0,0
0.0,0.0,1.0,1.0,3.0,0.0,30.0,3195.0,14031.0,43227.0,4.0,7.5,26510432703.142857,13569.0,0.0,91.21804511278195,11.0,371.5,0,3,0,0
0.0,0.0,1.0,1.0,15.0,0.0,30.0,60670.0,12057.0,61089.0,4.0,7.5,2435857408.642857,187659.64285714287,0.0,554.6390977443609,11.0,355.7857142857143,0,3,0,0
0.0,0.0,0.0,0.0,7.0,0.0,30.0,511.0,3234.0,4916.0,4.0,7.5,28039189.0,100.42857142857143,35.357142857142854,21.924812030075184,11.0,94.92857142857143,0,3,0,0
0.0,0.0,0.0,1.0,6.0,0.0,20.0,2051.0,1470.0,600.0,4.0,7.5,75805.78571428571,0.0,0.0,6.424812030075188,11.0,27.68796992481203,0,3,0,0
0.0,0.0,0.0,1.0,13.0,0.0,13.0,621.0,2427.0,2654.0,4.0,7.5,1470580.7142857143,9.642857142857142,0.0,12.135338345864666,11.0,36.703007518796994,0,3,0,0
1.0,1.0,0.0,0.0,1.0,0.0,25.0,8508.0,19038.0,52457.0,4.0,7.5,27638368273.285713,15187566.785714285,1.4285714285714286,8326.42857142857,11.0,4941.214285714285,0,3,0,0
1.0,0.0,0.0,0.0,20.0,0.0,21.0,280.0,2337.0,21829.0,4.0,7.5,11961010.642857144,18874.928571428572,8.142857142857142,37.879699248120296,11.0,66.64285714285714,0,3,0,0
0.0,0.0,0.0,0.0,20.0,0.0,19.0,434.0,1797.0,405.0,4.0,7.5,13835552.57142857,748.5714285714286,670.9285714285714,58.443609022556394,11.0,114.11654135338345,0,3,0,0
1.0,1.0,0.0,0.0,18.0,0.0,30.0,412.0,26667.0,67186.0,4.0,7.5,815707100.8571428,541904.5714285715,8.357142857142858,4256.642857142857,11.0,981.2142857142857,0,3,0,0
0.0,0.0,0.0,1.0,4.0,0.0,24.0,16934.0,3177.0,33490.0,4.0,7.5,273922864.78571427,30173.571428571428,0.0,704.5977443609024,11.0,69.78571428571429,0,3,0,0
0.0,0.0,0.0,0.0,6.0,0.0,17.0,731.0,6375.0,2043.0,5.0,7.5,56166.142857142855,1.2857142857142858,5.5,5.075187969924812,11.0,27.605263157894736,0,3,0,0
0.0,0.0,0.0,1.0,3.0,0.0,24.0,11148.0,6567.0,40146.0,4.0,7.5,1740285503.7857144,551337.0,0.0,1075.1466165413535,11.0,331.42857142857144,0,3,0,0
1.0,0.0,1.0,0.0,0.0,0.0,30.0,5571.0,67323.0,104002.0,4.0,7.5,18635356282.142857,2332514.9285714286,12.428571428571429,3806.7330827067667,11.0,1359.9285714285713,0,3,0,0
0.0,0.0,0.0,1.0,8.0,0.0,30.0,7694.0,8823.0,21322.0,4.0,7.5,354911244.21428573,812.9285714285714,0.0,419.70300751879705,11.0,278.7857142857143,0,3,0,0
0.0,0.0,1.0,1.0,0.0,0.0,8.0,24469.0,1491.0,4253.0,4.0,7.5,57797771.928571425,960.5714285714286,0.0,101.96240601503759,11.0,56.2218045112782,0,3,0,0
0.0,0.0,0.0,1.0,0.0,0.0,10.0,1325.0,2388.0,5670.0,4.0,7.5,5335802.714285715,329.64285714285717,0.0,75.53383458646616,11.0,43.81578947368421,0,3,0,0
0.0,0.0,0.0,0.0,2.0,0.0,5.0,1303.0,1248.0,639.0,5.0,7.5,2495.9285714285716,0.0,0.35714285714285715,2.5676691729323307,11.0,29.2593984962406,0,3,0,0
0.0,0.0,0.0,1.0,0.0,0.0,30.0,4603.0,2649.0,14198.0,4.0,7.5,70720714.71428572,2398.5714285714284,0.0,91.30827067669172,11.0,47.0,0,3,0,0
0.0,0.0,0.0,1.0,20.0,0.0,3.0,10730.0,2115.0,6489.0,4.0,7.5,18014190.5,5.142857142857143,0.0,60.669172932330824,11.0,63.541353383458635,0,3,0,0
0.0,0.0,0.0,1.0,0.0,0.0,5.0,52024.0,1635.0,4383.0,4.0,7.5,63589633.571428575,4620.642857142857,0.0,132.04135338345864,11.0,103.90225563909776,0,3,0,0
0.0,0.0,1.0,1.0,0.0,0.0,8.0,19585.0,1944.0,6736.0,4.0,7.5,61038670.428571425,48.5,0.0,85.9624060150376,11.0,59.44736842105264,0,3,0,0
1.0,1.0,0.0,0.0,6.0,0.0,29.0,489.0,3315.0,47257.0,4.0,7.5,1117448334.2857144,14721388.57142857,61.785714285714285,270.3646616541353,11.0,867.2857142857143,0,3,0,0
1.0,0.0,1.0,0.0,0.0,0.0,27.0,1358.0,12177.0,39301.0,4.0,7.5,964945940.5,55297.857142857145,2.7857142857142856,399.0939849624059,11.0,116.14285714285714,0,3,0,0
0.0,0.0,0.0,0.0,6.0,0.0,6.0,423.0,1179.0,691.0,5.0,7.5,35255.642857142855,1.6428571428571428,86.07142857142857,4.676691729323308,11.0,25.661654135338352,0,3,0,0
0.0,0.0,0.0,0.0,5.0,0.0,3.0,258.0,8238.0,2017.0,4.0,7.5,10736.642857142857,0.0,40.07142857142857,2.721804511278196,11.0,36.28947368421053,0,3,0,0
0.0,0.0,0.0,0.0,3.0,0.0,27.0,676.0,1059.0,1601.0,5.0,7.5,46727.07142857143,1.3571428571428572,2.0,3.5601503759398505,11.0,26.736842105263154,0,3,0,0
0.0,0.0,0.0,1.0,20.0,0.0,30.0,698.0,1185.0,1562.0,4.0,7.5,12547572.92857143,13.0,0.0,56.43984962406015,11.0,75.03759398496241,0,3,0,0
0.0,0.0,0.0,1.0,9.0,0.0,13.0,8640.0,3927.0,5241.0,4.0,7.5,30617380.64285714,92.35714285714286,0.2857142857142857,96.34962406015038,11.0,49.81203007518797,0,3,0,0
0.0,0.0,0.0,1.0,0.0,0.0,11.0,10532.0,1872.0,3096.0,4.0,7.5,9482810.42857143,19.571428571428573,0.0,85.89849624060149,11.0,53.616541353383454,0,3,0,0
0.0,0.0,0.0,1.0,1.0,0.0,17.0,5780.0,7920.0,68187.0,4.0,7.5,269888159.5,105.21428571428571,0.0,510.5112781954887,11.0,75.32706766917293,0,3,0,0
0.0,0.0,0.0,0.0,8.0,0.0,7.0,1875.0,5733.0,2589.0,5.0,7.5,1418465.7142857143,6.214285714285714,1484.857142857143,7.225563909774436,11.0,67.18045112781955,0,3,0,0
1.0,1.0,0.0,0.0,0.0,0.0,26.0,11005.0,45429.0,91015.0,4.0,7.5,11874394376.714285,4187754.785714286,0.14285714285714285,9047.42857142857,11.0,4337.0,0,3,0,0
0.0,0.0,1.0,1.0,8.0,0.0,29.0,7232.0,213267.0,187501.0,4.0,7.5,20594737815.642857,3333191.4285714286,0.0,2228.9285714285716,11.0,2319.285714285714,0,3,0,0
0.0,0.0,1.0,1.0,4.0,0.0,30.0,2117.0,4722.0,43500.0,4.0,7.5,1575147532.4285715,127372.28571428571,19.928571428571427,962.7706766917292,11.0,129.5,0,3,0,0
0.0,0.0,0.0,1.0,3.0,0.0,23.0,1589.0,2448.0,8660.0,4.0,7.5,106260345.85714285,350.7857142857143,6.5,40.07142857142857,11.0,288.2142857142857,0,3,0,0
1.0,1.0,0.0,0.0,0.0,0.0,30.0,2524.0,11901.0,97476.0,4.0,7.5,8535548226.571428,2199412.0,22.214285714285715,28.0,11.0,960.7857142857143,0,3,0,0
0.0,0.0,1.0,0.0,0.0,0.0,30.0,4570.0,8340.0,53250.0,4.0,7.5,2794889275.0,462881.9285714286,16.428571428571427,2635.853383458646,11.0,637.0714285714286,0,3,0,0
0.0,0.0,0.0,1.0,4.0,0.0,10.0,44555.0,1290.0,3265.0,4.0,7.5,14556021.0,61.0,0.0,52.76315789473684,11.0,55.22932330827068,0,3,0,0
0.0,0.0,0.0,1.0,13.0,0.0,6.0,1435.0,1221.0,2394.0,4.0,7.5,329650.5,4.142857142857143,0.0,7.327067669172933,11.0,67.2218045112782,0,3,0,0
0.0,0.0,1.0,1.0,9.0,0.0,29.0,6352.0,7596.0,18683.0,4.0,7.5,1876964037.4285715,73943.78571428571,0.0,3320.0338345864657,11.0,487.7857142857143,0,3,0,0
0.0,0.0,0.0,0.0,20.0,0.0,11.0,269.0,1056.0,405.0,5.0,7.5,3829.214285714286,0.14285714285714285,525.4285714285714,3.9511278195488706,11.0,34.097744360902254,0,3,0,0
1.0,1.0,0.0,0.0,5.0,0.0,30.0,654.0,853290.0,1316668.0,4.0,7.5,244238317520.92856,49836670.85714286,16.071428571428573,1214860.5714285714,12.428571428571429,34325.357142857145,0,3,0,1
0.0,0.0,0.0,1.0,13.0,0.0,24.0,2997.0,2268.0,3330.0,4.0,7.5,2018972.7142857143,100.35714285714286,0.0,13.939849624060148,11.0,40.21804511278195,0,3,0,0
0.0,0.0,1.0,1.0,8.0,0.0,29.0,764.0,8004.0,31111.0,4.0,7.5,320179083.14285713,27101.785714285714,0.0,397.40225563909775,11.0,199.42857142857142,0,3,0,0
0.0,0.0,0.0,1.0,4.0,0.0,8.0,1391.0,999.0,2446.0,4.0,7.5,2178652.5714285714,31.571428571428573,0.0,10.236842105263156,11.0,47.785714285714285,0,3,0,0
0.0,0.0,0.0,1.0,0.0,0.0,30.0,13656.0,12261.0,5917.0,4.0,7.5,1136354164.642857,147.28571428571428,24.571428571428573,615.3721804511277,11.0,611.9285714285714,0,3,0,0
1.0,1.0,0.0,0.0,6.0,0.0,30.0,632.0,16365.0,5371.0,4.0,7.5,58055903.571428575,2266.785714285714,3.4285714285714284,583.0,11.0,822.5,0,3,0,0
0.0,0.0,0.0,0.0,3.0,0.0,14.0,3547.0,2880.0,1913.0,5.0,7.5,30652753.35714286,1.0714285714285714,88.64285714285714,110.09398496240601,11.0,120.07142857142857,0,3,0,0
0.0,0.0,0.0,1.0,0.0,0.0,30.0,10576.0,1317.0,1484.0,4.0,7.5,2745395.9285714286,1.5714285714285714,0.0,14.578947368421053,11.0,55.932330827067666,0,3,0,0
0.0,0.0,1.0,1.0,9.0,0.0,30.0,1314.0,4803.0,9037.0,4.0,7.5,53672487.428571425,3316.214285714286,0.0,124.36090225563908,11.0,111.42857142857143,0,3,0,0
1.0,0.0,0.0,0.0,1.0,0.0,30.0,5648.0,67902.0,165661.0,4.0,7.5,137558340139.42856,9796352.285714285,2.642857142857143,79804.07142857143,11.0,13551.07142857143,0,3,0,1
0.0,0.0,0.0,1.0,20.0,0.0,29.0,4658.0,1752.0,5072.0,4.0,7.5,1936593.2857142857,6.642857142857143,0.2857142857142857,32.43984962406015,11.0,29.590225563909772,0,3,0,0
1.0,1.0,0.0,0.0,9.0,0.0,30.0,2139.0,36528.0,7113.0,4.0,7.5,1142657041.5,3857.285714285714,4.857142857142857,5208.5,11.0,2020.7142857142858,0,3,0,0
1.0,1.0,0.0,0.0,15.0,0.0,18.0,852.0,1578.0,665.0,4.0,7.5,1093502.4285714286,3.357142857142857,4.071428571428571,3.962406015037594,11.0,46.50375939849624,0,3,0,0
0.0,0.0,0.0,1.0,0.0,0.0,25.0,37977.0,6300.0,28901.0,4.0,7.5,2100810409.9285715,2696071.714285714,0.0,1780.906015037594,11.0,191.57142857142858,0,3,0,0
0.0,0.0,1.0,1.0,9.0,0.0,17.0,3822.0,3504.0,27978.0,4.0,7.5,181849702.2857143,389894.0,0.0,87.10902255639098,11.0,60.23308270676692,0,3,0,0
1.0,1.0,0.0,0.0,9.0,0.0,30.0,654.0,20523.0,2459.0,4.0,7.5,48470312.5,15.071428571428571,4.071428571428571,472.5,11.0,647.2857142857143,0,3,0,0
0.0,0.0,1.0,1.0,2.0,0.0,30.0,2326.0,9780.0,49714.0,4.0,7.5,5184880651.0,355778.21428571426,0.0,2921.8909774436092,11.0,377.7857142857143,0,3,0,0
0.0,1.0,0.0,1.0,5.0,0.0,28.0,907.0,82005.0,156119.0,5.0,7.5,817828819762.8572,12016702.57142857,38.42857142857143,689.2857142857143,11.0,11719.57142857143,4,3,0,5
0.0,0.0,1.0,1.0,0.0,0.0,30.0,27274.0,172275.0,897223.0,4.0,7.5,490804642857.1429,565723572.1428572,45.57142857142857,466977.64285714284,11.0,13361.714285714286,4,3,0,2
1.0,1.0,0.0,0.0,20.0,0.0,30.0,434.0,1746.0,457.0,4.0,7.5,135353.42857142858,0.14285714285714285,13.928571428571429,8.086466165413535,11.0,31.657894736842106,0,3,0,0
1.0,0.0,0.0,0.0,12.0,0.0,29.0,731.0,5037.0,22479.0,4.0,7.5,10746020.142857144,128.5,42.92857142857143,49.65037593984962,11.0,57.62781954887218,0,3,0,0
0.0,0.0,1.0,1.0,12.0,0.0,23.0,1028.0,1113.0,13821.0,4.0,7.5,6713124.0,13014.214285714286,0.0,93.01127819548871,11.0,51.796992481203006,0,3,0,0
1.0,0.0,0.0,0.0,8.0,0.0,30.0,852.0,18909.0,35622.0,4.0,7.5,2423148452.571429,260009.5,1757.0714285714287,199.18796992481202,11.0,581.2857142857143,0,3,0,0
0.0,0.0,0.0,0.0,6.0,0.0,27.0,390.0,1623.0,2576.0,4.0,7.5,12633191.57142857,72.28571428571429,41.5,19.345864661654137,11.0,93.35714285714286,0,3,0,0
0.0,0.0,1.0,0.0,20.0,0.0,19.0,1171.0,11220.0,7737.0,4.0,7.5,651773044.1428572,1451.857142857143,86.57142857142857,1131.875939849624,11.0,540.4285714285714,0,3,0,0
0.0,0.0,0.0,1.0,3.0,0.0,30.0,2051.0,24357.0,95695.0,5.0,7.5,27320144841.714287,24013658.35714286,19.142857142857142,1406.7142857142858,11.0,3314.785714285714,0,3,0,0
1.0,0.0,0.0,0.0,15.0,0.0,25.0,1237.0,10929.0,67979.0,4.0,7.5,1140626700.0714285,255811.14285714287,565.0714285714286,810.5338345864662,11.0,492.5,0,3,0,0
0.0,1.0,0.0,1.0,9.0,0.0,26.0,1006.0,14655.0,15043.0,5.0,7.5,2960874230.785714,29685.714285714286,77.5,1465.0639097744363,11.0,572.6428571428571,0,3,0,0
0.0,0.0,1.0,1.0,4.0,0.0,29.0,6308.0,6021.0,57527.0,4.0,7.5,1280995587.2857144,128573.85714285714,0.0,1989.9774436090224,11.0,285.85714285714283,0,3,0,0
0.0,0.0,0.0,1.0,0.0,0.0,27.0,32356.0,45441.0,119901.0,4.0,7.5,11557882644.5,1653100.9285714286,0.0,3101.0375939849623,11.0,1106.142857142857,0,3,0,0
0.0,0.0,1.0,0.0,0.0,0.0,30.0,753.0,7497.0,42226.0,4.0,7.5,2771865434.857143,766294.6428571428,10.714285714285714,7981.571428571428,11.0,1203.5714285714287,0,3,0,0
1.0,0.0,0.0,0.0,0.0,0.0,30.0,4944.0,5541.0,61570.0,4.0,7.5,5051897933.0,1291829.7857142857,2.7857142857142856,1147.556390977444,11.0,702.2857142857143,0,3,0,0
1.0,0.0,0.0,0.0,16.0,0.0,30.0,2106.0,121038.0,566204.0,4.0,7.5,706735214285.7142,4548588366.0,2.5714285714285716,289.92857142857144,11.0,10002.0,4,3,0,3
1.0,0.0,1.0,0.0,0.0,0.0,30.0,1259.0,2604.0,16733.0,4.0,7.5,132468841.57142857,28444.285714285714,4.428571428571429,97.09398496240603,11.0,162.5,0,3,0,0
0.0,0.0,0.0,0.0,3.0,0.0,13.0,357.0,1137.0,613.0,5.0,7.5,146597.42857142858,0.8571428571428571,5.571428571428571,8.657894736842106,11.0,27.315789473684212,0,3,0,0
1.0,1.0,0.0,0.0,7.0,0.0,26.0,995.0,18510.0,6359.0,4.0,7.5,412889722.64285713,9067.857142857143,10.928571428571429,122.87218045112782,11.0,484.64285714285717,0,3,0,0
0.0,0.0,0.0,1.0,15.0,0.0,15.0,522.0,2052.0,14562.0,4.0,7.5,16726972.57142857,1999.5714285714287,0.0,37.01127819548872,11.0,43.857142857142854,0,3,0,0
1.0,0.0,1.0,0.0,8.0,0.0,26.0,1006.0,14724.0,54485.0,4.0,7.5,4625522747.357142,176345.7142857143,0.0,4210.699248120301,11.0,926.2142857142857,0,3,0,0
0.0,0.0,0.0,1.0,6.0,0.0,26.0,973.0,11574.0,31475.0,4.0,7.5,2178328216.857143,65938.42857142857,0.2857142857142857,2007.8984962406014,11.0,205.71428571428572,0,3,0,0
0.0,0.0,0.0,0.0,4.0,0.0,30.0,1743.0,4083.0,13951.0,4.0,7.5,47430796.35714286,354.07142857142856,132.14285714285714,25.165413533834588,11.0,132.93233082706766,0,3,0,0
1.0,1.0,0.0,0.0,18.0,0.0,29.0,302.0,4173.0,6645.0,4.0,7.5,1211476.5714285714,0.21428571428571427,18.071428571428573,378.98872180451133,11.0,114.57142857142857,0,3,0,0
1.0,0.0,1.0,0.0,0.0,0.0,30.0,1963.0,9684.0,77495.0,4.0,7.5,2762789454.285714,519016.4285714286,12.857142857142858,719.312030075188,11.0,483.85714285714283,0,3,0,0
0.0,0.0,0.0,0.0,8.0,0.0,22.0,2832.0,1545.0,405.0,4.0,7.5,1319429.2857142857,9.714285714285714,35.214285714285715,9.785714285714286,11.0,44.80827067669173,0,3,0,0
0.0,0.0,0.0,1.0,1.0,0.0,27.0,3602.0,1041.0,1211.0,5.0,7.5,2308857.5714285714,5.785714285714286,0.0,44.4172932330827,11.0,33.642857142857146,0,3,0,0
0.0,0.0,1.0,0.0,0.0,0.0,30.0,654.0,8706.0,22154.0,4.0,7.5,62155332.0,7305.571428571428,28.142857142857142,95.13533834586467,11.0,113.78571428571429,0,3,0,0
0.0,0.0,0.0,0.0,3.0,0.0,15.0,533.0,1878.0,1965.0,5.0,7.5,1048686.9285714286,1.5,40.642857142857146,2.1240601503759398,11.0,105.92857142857143,0,3,0,0
0.0,0.0,0.0,1.0,8.0,0.0,2.0,1853.0,1194.0,483.0,5.0,7.5,51722.92857142857,0.0,0.0,5.319548872180451,11.0,27.68796992481203,0,3,0,0
0.0,0.0,1.0,1.0,8.0,0.0,20.0,1391.0,6006.0,405.0,4.0,7.5,1029373756.7857143,3399.785714285714,5.857142857142857,1941.270676691729,11.0,522.3571428571429,0,3,0,0
0.0,0.0,0.0,1.0,0.0,0.0,26.0,852.0,1227.0,405.0,5.0,7.5,3538200.0714285714,0.07142857142857142,0.0,23.030075187969917,11.0,60.85338345864661,0,3,0,0
0.0,0.0,0.0,1.0,20.0,0.0,4.0,1116.0,1083.0,457.0,5.0,7.5,15714.214285714286,0.0,0.0,3.8120300751879697,11.0,28.680451127819556,0,3,0,0
0.0,0.0,0.0,0.0,1.0,0.0,26.0,7749.0,2925.0,6918.0,5.0,7.5,119808479.07142857,310.5,6.071428571428571,108.67293233082708,11.0,314.14285714285717,0,3,0,0
1.0,0.0,0.0,0.0,6.0,0.0,26.0,2018.0,2316.0,24260.0,5.0,7.5,189957863.14285713,114360.07142857143,598.6428571428571,213.04511278195486,11.0,351.85714285714283,0,3,0,0
1.0,0.0,0.0,0.0,0.0,0.0,27.0,995.0,4131.0,30890.0,4.0,7.5,891764256.7142857,24039.214285714286,16.5,1514.018796992481,11.0,74.5,0,3,0,0
0.0,0.0,0.0,1.0,13.0,0.0,20.0,11214.0,1320.0,3096.0,4.0,7.5,1982890.2857142857,13.785714285714286,0.0,11.984962406015034,11.0,48.40601503759399,0,3,0,0
0.0,0.0,0.0,1.0,2.0,0.0,26.0,3151.0,3489.0,28381.0,4.0,7.5,476842196.5714286,42235.642857142855,0.0,322.07518796992474,11.0,180.57142857142858,0,3,0,0
0.0,0.0,0.0,1.0,0.0,0.0,3.0,25976.0,1008.0,3031.0,4.0,7.5,15194782.285714285,51.642857142857146,0.0,73.69172932330828,11.0,72.96992481203007,0,3,0,0
0.0,0.0,0.0,0.0,7.0,0.0,10.0,500.0,1710.0,600.0,4.0,7.5,3580912.8571428573,5.285714285714286,91.85714285714286,21.789473684210527,11.0,46.54511278195489,0,3,0,0
0.0,0.0,1.0,0.0,4.0,0.0,30.0,2634.0,2154.0,10415.0,4.0,7.5,128342800.5,5376.642857142857,1908.0,150.42857142857142,11.0,138.14285714285714,0,3,0,0
0.0,0.0,1.0,0.0,0.0,0.0,30.0,863.0,4797.0,16850.0,4.0,7.5,1011769502.9285715,151331.64285714287,174.71428571428572,177.6578947368421,11.0,240.28571428571428,0,3,0,0
0.0,0.0,0.0,1.0,9.0,0.0,20.0,18023.0,2058.0,4162.0,4.0,7.5,179698940.64285713,51.642857142857146,0.0,567.6691729323308,11.0,48.57142857142857,0,3,0,0
1.0,0.0,0.0,0.0,4.0,0.0,30.0,720.0,113274.0,94265.0,4.0,7.5,7174982693.428572,422871.0714285714,8.642857142857142,6878.357142857143,11.0,895.5714285714286,0,3,0,0
0.0,0.0,0.0,0.0,17.0,0.0,30.0,1083.0,29808.0,38547.0,4.0,7.5,216483343296.92856,5923903.571428572,44.0,437.5,11.0,2134.6428571428573,0,3,0,1
0.0,0.0,1.0,0.0,1.0,0.0,30.0,489.0,3108.0,25950.0,4.0,7.5,1324298984.0,53922.57142857143,0.07142857142857142,1425.3872180451126,11.0,285.85714285714283,0,3,0,0
0.0,0.0,0.0,0.0,5.0,0.0,10.0,280.0,1131.0,496.0,4.0,7.5,13190.857142857143,0.21428571428571427,825.4285714285714,2.834586466165414,11.0,32.07142857142857,0,3,0,0
0.0,0.0,1.0,0.0,1.0,0.0,30.0,1655.0,4068.0,7451.0,5.0,7.5,240810970.0,1291.142857142857,1595.2857142857142,37.642857142857146,11.0,690.5,0,3,0,0
0.0,0.0,1.0,1.0,5.0,0.0,30.0,1061.0,3915.0,18020.0,4.0,7.5,143324412.57142857,145804.57142857142,0.0,305.92857142857144,11.0,219.07142857142858,0,3,0,0
0.0,0.0,1.0,1.0,8.0,0.0,30.0,1424.0,113658.0,166077.0,4.0,7.5,6634528062.285714,105377.21428571429,0.0,17.642857142857142,11.0,1132.857142857143,0,3,0,0
0.0,0.0,0.0,1.0,17.0,0.0,26.0,962.0,3132.0,24078.0,4.0,7.5,70612654.57142857,12075.5,0.0,72.54135338345864,11.0,82.35714285714286,0,3,0,0
0.0,0.0,0.0,0.0,0.0,0.0,4.0,5747.0,975.0,470.0,4.0,7.5,48084.5,0.0,0.0,7.424812030075186,11.0,28.68045112781956,0,3,0,0
0.0,0.0,0.0,1.0,13.0,0.0,26.0,54158.0,1089.0,2550.0,4.0,7.5,67469063.92857143,2734.214285714286,0.0,141.92105263157896,11.0,72.14285714285714,0,3,0,0
0.0,0.0,0.0,0.0,6.0,0.0,17.0,764.0,2091.0,3538.0,5.0,7.5,2702929.5,193.42857142857142,2653.5,11.135338345864662,11.0,87.07142857142857,0,3,0,0
0.0,0.0,0.0,1.0,9.0,0.0,3.0,10246.0,1797.0,4045.0,4.0,7.5,44718900.571428575,31.714285714285715,0.0,92.00751879699249,11.0,95.796992481203,0,3,0,0
0.0,0.0,0.0,1.0,15.0,0.0,22.0,5747.0,2688.0,9024.0,4.0,7.5,30399535.0,2183.5714285714284,5.357142857142857,73.28571428571429,11.0,81.03383458646617,0,3,0,0
1.0,0.0,1.0,0.0,0.0,0.0,30.0,610.0,12450.0,82617.0,4.0,7.5,3341089144.928571,1700891.9285714286,7.428571428571429,107.8157894736842,11.0,681.8571428571429,0,3,0,0
0.0,0.0,0.0,1.0,20.0,0.0,16.0,247.0,15429.0,54862.0,4.0,7.5,1616451265.857143,511524.78571428574,0.0,1168.0526315789473,11.0,320.7593984962406,0,3,0,0
0.0,0.0,1.0,0.0,8.0,0.0,30.0,4207.0,4320.0,5618.0,4.0,7.5,237373925.35714287,183.5,2.0,34.078947368421055,11.0,254.42857142857142,0,3,0,0
0.0,0.0,1.0,0.0,10.0,0.0,30.0,478.0,4137.0,405.0,4.0,7.5,3005359667.5,295014.4285714286,0.0,2279.8383458646617,11.0,411.57142857142856,0,3,0,0
0.0,0.0,0.0,0.0,3.0,0.0,16.0,346.0,1053.0,405.0,5.0,7.5,91920.85714285714,854.6428571428571,41.57142857142857,6.560150375939849,11.0,47.16541353383458,0,3,0,0
0.0,0.0,0.0,1.0,20.0,0.0,3.0,247.0,981.0,405.0,5.0,7.5,59235.78571428572,0.0,1.2142857142857142,2.962406015037593,11.0,32.52631578947368,0,3,0,0
0.0,0.0,0.0,0.0,6.0,0.0,2.0,1226.0,2655.0,4175.0,5.0,7.5,69067747.35714285,12259.142857142857,0.07142857142857142,190.06390977443607,11.0,597.7857142857143,0,3,0,0
0.0,0.0,1.0,0.0,6.0,0.0,29.0,599.0,5256.0,405.0,4.0,7.5,416415106.5714286,64922.357142857145,96.5,40.09398496240601,11.0,669.2857142857143,0,3,0,0
0.0,0.0,1.0,1.0,17.0,0.0,25.0,654.0,6465.0,405.0,4.0,7.5,1773779115.642857,666353.2857142857,0.0,670.6691729323309,11.0,685.7857142857143,0,3,0,0
0.0,0.0,1.0,0.0,13.0,0.0,30.0,401.0,2244.0,405.0,4.0,7.5,90540423.85714285,1882.0,1.1428571428571428,241.65789473684208,11.0,81.7781954887218,0,3,0,0
0.0,0.0,0.0,0.0,9.0,0.0,9.0,511.0,1014.0,405.0,5.0,7.5,346128.35714285716,0.14285714285714285,303.64285714285717,8.06766917293233,11.0,41.12781954887219,0,3,0,0
0.0,0.0,0.0,1.0,8.0,0.0,5.0,269.0,993.0,405.0,1.0,7.5,2497.0,0.0,0.0,2.620300751879699,11.0,30.582706766917287,0,3,0,0
0.0,0.0,0.0,0.0,16.0,0.0,6.0,2722.0,2310.0,405.0,4.0,7.5,19537942.07142857,16.357142857142858,26.785714285714285,54.75187969924813,11.0,83.14285714285714,0,3,0,0
0.0,0.0,0.0,1.0,13.0,0.0,25.0,764.0,3627.0,405.0,4.0,7.5,1280211153.7857144,8879649.142857144,0.6428571428571429,532.8383458646616,11.0,509.7857142857143,0,3,0,0
0.0,0.0,0.0,0.0,20.0,0.0,21.0,500.0,1188.0,405.0,4.0,7.5,566387.4285714285,0.7142857142857143,0.0,5.030075187969925,11.0,30.045112781954888,0,3,0,0
1.0,1.0,0.0,0.0,0.0,0.0,30.0,467.0,7239.0,405.0,4.0,7.5,1806198195.0,1478735.857142857,0.0,9876.142857142857,11.0,2060.0,0,3,0,0
0.0,0.0,1.0,1.0,8.0,0.0,30.0,9751.0,46188.0,405.0,4.0,7.5,407944857142.8571,114110193.64285715,3398.6428571428573,1292.857142857143,11.0,12566.57142857143,4,3,0,2
0.0,0.0,0.0,0.0,20.0,0.0,28.0,808.0,2172.0,405.0,4.0,7.5,71997153.21428572,93.78571428571429,10.5,139.25939849624058,11.0,196.28571428571428,0,3,0,0
1.0,1.0,0.0,0.0,6.0,0.0,30.0,665.0,7035.0,405.0,5.0,7.5,4754270571.571428,151728.07142857142,3.0714285714285716,633.0714285714286,11.0,1902.0714285714287,0,3,0,0
0.0,0.0,1.0,1.0,13.0,0.0,30.0,2403.0,3927.0,405.0,4.0,7.5,1040000727.0714285,235817.64285714287,0.0,91.26315789473685,11.0,328.2857142857143,0,3,0,0
0.0,0.0,1.0,1.0,5.0,0.0,25.0,1490.0,21894.0,405.0,5.0,7.5,2548535123.0,117187.35714285714,12.857142857142858,771.1428571428571,11.0,2286.285714285714,0,3,0,0
0.0,0.0,0.0,0.0,3.0,0.0,5.0,280.0,984.0,405.0,5.0,7.5,39346.857142857145,0.2857142857142857,1.2857142857142858,4.62781954887218,11.0,28.142857142857142,0,3,0,0
0.0,0.0,1.0,1.0,0.0,0.0,30.0,3283.0,28101.0,405.0,4.0,7.5,27546532149.07143,4629843.642857143,0.6428571428571429,1612.345864661654,11.0,2389.214285714286,0,3,0,0
0.0,0.0,0.0,0.0,4.0,0.0,28.0,3162.0,5436.0,405.0,4.0,7.5,6772913088.214286,1618857.2142857143,58.642857142857146,4893.172932330827,11.0,494.07142857142856,0,3,0,0
1.0,1.0,0.0,0.0,7.0,0.0,30.0,2821.0,58632.0,405.0,4.0,7.5,8014024239.071428,24943.428571428572,2.5,17792.285714285714,11.0,4230.142857142857,0,3,0,0
0.0,0.0,1.0,0.0,6.0,0.0,30.0,478.0,1143.0,405.0,5.0,7.5,25671760.92857143,621.0,27.928571428571427,15.699248120300753,11.0,80.0,0,3,0,0
0.0,0.0,0.0,0.0,6.0,0.0,15.0,687.0,1074.0,405.0,4.0,7.5,704805.3571428572,2.5714285714285716,57.214285714285715,4.7330827067669174,11.0,34.92481203007519,0,3,0,0
0.0,1.0,0.0,0.0,6.0,0.0,30.0,1017.0,1134.0,405.0,5.0,7.5,157138286.42857143,27756.571428571428,45.07142857142857,96.13533834586464,11.0,531.0,0,3,0,0
0.0,0.0,0.0,1.0,13.0,0.0,30.0,3712.0,2337.0,405.0,4.0,7.5,150810654.35714287,14368.142857142857,0.0,159.60150375939847,11.0,160.14285714285714,0,3,0,0
0.0,0.0,1.0,1.0,3.0,0.0,30.0,2887.0,1767.0,405.0,4.0,7.5,155749717.0,6292.714285714285,0.0,276.40225563909775,11.0,58.0,0,3,0,0
0.0,0.0,0.0,0.0,4.0,0.0,30.0,412.0,1473.0,405.0,4.0,7.5,109989466.71428572,14590.142857142857,0.0,248.1127819548872,11.0,83.92857142857143,0,3,0,0
0.0,0.0,1.0,1.0,2.0,0.0,30.0,335.0,2991.0,405.0,4.0,7.5,2728254474.928571,79316.5,20.642857142857142,5807.909774436091,11.0,314.14285714285717,0,3,0,0
0.0,0.0,0.0,0.0,0.0,0.0,26.0,401.0,1059.0,405.0,4.0,7.5,24064139.0,443.64285714285717,1.6428571428571428,70.2218045112782,11.0,74.12781954887217,0,3,0,0
0.0,0.0,1.0,1.0,0.0,0.0,23.0,7727.0,4641.0,405.0,4.0,7.5,464447506.71428573,23932.35714285714,0.07142857142857142,68.75563909774436,11.0,188.42857142857142,0,3,0,0
1.0,0.0,0.0,0.0,10.0,0.0,30.0,786.0,16704.0,405.0,4.0,7.5,10330750605.857143,8369821.0,62.714285714285715,601.2706766917292,11.0,603.2857142857143,0,3,0,0
0.0,0.0,0.0,0.0,3.0,0.0,10.0,907.0,1242.0,405.0,5.0,7.5,2774553.5714285714,4.714285714285714,690.0,31.917293233082706,11.0,90.21428571428571,0,3,0,0
0.0,0.0,0.0,0.0,4.0,0.0,26.0,1248.0,1404.0,405.0,4.0,7.5,288327883.4285714,53439.42857142857,0.0,279.3345864661654,11.0,130.28571428571428,0,3,0,0
0.0,0.0,0.0,1.0,6.0,0.0,27.0,753.0,3648.0,405.0,4.0,7.5,1170755694.0,27466.5,0.07142857142857142,55.95112781954888,11.0,95.59022556390978,0,3,0,0
0.0,0.0,0.0,0.0,8.0,0.0,22.0,896.0,1032.0,405.0,5.0,7.5,48150.42857142857,1.2857142857142858,168.28571428571428,4.718045112781955,11.0,25.206766917293237,0,3,0,0
0.0,0.0,0.0,1.0,8.0,0.0,30.0,21785.0,1740.0,405.0,4.0,7.5,74914473.5,15.0,3.357142857142857,192.4473684210527,11.0,74.5,0,3,0,0
0.0,0.0,0.0,1.0,8.0,0.0,30.0,7067.0,3087.0,405.0,4.0,7.5,3987691813.928571,82558.07142857143,5.5,65.34210526315789,11.0,709.3571428571429,0,3,0,0
0.0,0.0,1.0,1.0,0.0,0.0,6.0,1391.0,2103.0,405.0,5.0,7.5,656766121035.2142,9989.0,0.0,762.5,11.0,521.5714285714286,4,3,0,3
0.0,0.0,0.0,1.0,20.0,0.0,30.0,1039.0,2025.0,405.0,4.0,7.5,457612978.0714286,50422.142857142855,0.0,1269.4135338345866,11.0,77.64285714285714,0,3,0,0
0.0,0.0,1.0,0.0,0.0,0.0,27.0,1292.0,5106.0,405.0,5.0,7.5,111827167.78571428,1781.0,82.42857142857143,146.703007518797,11.0,63.00375939849624,0,3,0,0
0.0,0.0,0.0,0.0,7.0,0.0,29.0,1457.0,984.0,405.0,4.0,7.5,5676124.0,7.357142857142857,3.5,20.180451127819545,11.0,34.34586466165414,0,3,0,0
0.0,0.0,1.0,1.0,17.0,0.0,26.0,808.0,8301.0,405.0,4.0,7.5,1988378290.5,3493899.214285714,0.21428571428571427,2763.5714285714284,11.0,1385.857142857143,0,3,0,0
0.0,0.0,0.0,1.0,5.0,0.0,30.0,4383.0,19725.0,405.0,4.0,7.5,20813033823.357143,25638655.214285713,125.28571428571429,3767.1503759398497,11.0,2276.8571428571427,0,3,0,0
0.0,0.0,0.0,0.0,0.0,0.0,30.0,1072.0,12672.0,405.0,4.0,7.5,27000582808.857143,166625117.07142857,32.42857142857143,388.2218045112782,11.0,2236.785714285714,0,3,0,0
0.0,0.0,0.0,1.0,3.0,0.0,29.0,3580.0,1212.0,405.0,4.0,7.5,44833293.571428575,290.0,0.0,114.82330827067668,11.0,29.714285714285715,0,3,0,0
0.0,0.0,0.0,1.0,6.0,0.0,30.0,3712.0,5040.0,405.0,4.0,7.5,14056271280.714285,2181031.4285714286,9.928571428571429,4114.68045112782,11.0,582.8571428571429,0,3,0,0
1.0,0.0,0.0,0.0,0.0,0.0,30.0,2788.0,2406.0,405.0,4.0,7.5,1785474878.2857144,255186.7857142857,0.35714285714285715,3553.8609022556398,11.0,166.42857142857142,0,3,0,0
0.0,0.0,0.0,1.0,14.0,0.0,30.0,6297.0,2691.0,405.0,4.0,7.5,871566519.2857143,662.4285714285714,403.07142857142856,2483.96992481203,11.0,185.28571428571428,0,3,0,0
0.0,0.0,0.0,1.0,7.0,0.0,29.0,8222.0,1125.0,405.0,4.0,7.5,1609015.142857143,2.0,0.0,10.50375939849624,11.0,40.714285714285715,0,3,0,0
1.0,0.0,0.0,0.0,20.0,0.0,30.0,456.0,6183.0,405.0,4.0,7.5,50181503.14285714,15873.57142857143,96.21428571428571,2183.4285714285716,11.0,797.3571428571429,0,3,0,0
0.0,0.0,0.0,1.0,13.0,0.0,26.0,5835.0,4242.0,405.0,4.0,7.5,3747220036.714286,404263.85714285716,0.0,267.0864661654135,11.0,1598.7857142857142,0,3,0,0
0.0,0.0,1.0,1.0,20.0,0.0,30.0,1710.0,3642.0,405.0,4.0,7.5,4667128116.142858,1289083.4285714286,193.07142857142858,2632.2406015037595,11.0,641.0,0,3,0,0
0.0,0.0,0.0,1.0,0.0,0.0,23.0,1567.0,1569.0,405.0,4.0,7.5,234754330.7857143,102.5,1.7857142857142858,355.56766917293237,11.0,63.5,0,3,0,0
1.0,1.0,0.0,0.0,9.0,0.0,27.0,2205.0,5157.0,405.0,5.0,7.5,3501524479.214286,7277.214285714285,50.785714285714285,71547.85714285714,11.0,2214.0,0,3,0,0
0.0,0.0,1.0,1.0,9.0,0.0,30.0,2876.0,14943.0,405.0,4.0,7.5,2549715601.357143,988694.1428571428,0.21428571428571427,1119.8496240601503,11.0,506.64285714285717,0,3,0,0
0.0,0.0,0.0,1.0,20.0,0.0,25.0,665.0,1203.0,405.0,4.0,7.5,33737.21428571428,0.2857142857142857,0.0,5.285714285714286,11.0,28.349624060150376,0,3,0,0
0.0,0.0,0.0,0.0,3.0,0.0,29.0,291.0,1137.0,405.0,5.0,7.5,8961953.5,1.0714285714285714,24.071428571428573,21.210526315789473,11.0,74.5,0,3,0,0
0.0,0.0,0.0,0.0,14.0,0.0,29.0,654.0,1461.0,405.0,5.0,7.5,329339602.5,12942.214285714286,24.071428571428573,34.6203007518797,11.0,518.4285714285714,0,3,0,0
1.0,0.0,1.0,0.0,0.0,0.0,30.0,995.0,5988.0,405.0,4.0,7.5,163932317.57142857,2474.714285714286,0.07142857142857142,26.214285714285715,11.0,116.92857142857143,0,3,0,0
0.0,1.0,0.0,1.0,8.0,0.0,29.0,3217.0,22542.0,405.0,4.0,7.5,230051580296.7857,48213.642857142855,0.14285714285714285,12171.357142857143,11.0,5555.642857142857,0,3,0,1
0.0,0.0,0.0,1.0,8.0,0.0,27.0,7628.0,1341.0,405.0,4.0,7.5,3780224.6428571427,2.0,0.0,51.88721804511279,11.0,40.2593984962406,0,3,0,0
1.0,1.0,0.0,0.0,6.0,0.0,29.0,489.0,3447.0,405.0,4.0,7.5,432340733.0714286,163552.2857142857,4.071428571428571,293.64285714285717,11.0,710.9285714285714,0,3,0,0
0.0,0.0,0.0,1.0,10.0,0.0,28.0,401.0,1023.0,405.0,4.0,7.5,200510.92857142858,0.7857142857142857,0.0,5.958646616541354,11.0,30.41729323308271,0,3,0,0
0.0,0.0,0.0,0.0,6.0,0.0,15.0,929.0,978.0,405.0,5.0,7.5,209940.14285714287,0.14285714285714285,5.5,4.969924812030074,11.0,43.52631578947369,0,3,0,0
0.0,0.0,0.0,1.0,8.0,0.0,19.0,5791.0,1032.0,405.0,5.0,7.5,20677565.42857143,1.2857142857142858,0.0,33.66165413533835,11.0,103.36466165413535,0,3,0,0
0.0,0.0,0.0,0.0,17.0,0.0,26.0,357.0,987.0,405.0,4.0,7.5,41600475.571428575,162.14285714285714,880.5,97.97744360902254,11.0,45.51127819548872,0,3,0,0
0.0,0.0,0.0,1.0,5.0,0.0,2.0,4064.0,1770.0,405.0,4.0,7.5,8125734.357142857,7.214285714285714,1.7857142857142858,31.255639097744368,11.0,36.0,0,3,0,0
0.0,0.0,0.0,1.0,7.0,0.0,30.0,108641.0,1008.0,405.0,4.0,7.5,120217973.21428572,212.07142857142858,7.142857142857143,231.48496240601506,11.0,51.507518796992485,0,3,0,0
0.0,0.0,0.0,1.0,0.0,0.0,27.0,566.0,1440.0,405.0,4.0,7.5,825431.5714285715,8.0,0.9285714285714286,4.56390977443609,11.0,42.98872180451128,0,3,0,0
0.0,0.0,1.0,0.0,0.0,0.0,30.0,1424.0,3387.0,405.0,4.0,7.5,1403874194.4285715,8225.642857142857,0.35714285714285715,1447.96992481203,11.0,548.2857142857143,0,3,0,0
0.0,0.0,0.0,0.0,5.0,0.0,14.0,445.0,2298.0,405.0,4.0,7.5,2024645.357142857,46.714285714285715,310.7142857142857,8.011278195488721,11.0,53.6578947368421,0,3,0,0
1.0,1.0,0.0,0.0,0.0,0.0,27.0,973.0,1425.0,405.0,5.0,7.5,286171733.78571427,36773.78571428572,13.357142857142858,19.421052631578952,11.0,310.2142857142857,0,3,0,0
0.0,0.0,0.0,0.0,13.0,0.0,9.0,643.0,1470.0,405.0,5.0,7.5,658057.2857142857,2105.5,0.0,9.30451127819549,11.0,37.65413533834586,0,3,0,0
0.0,0.0,1.0,1.0,1.0,0.0,28.0,2678.0,3327.0,405.0,4.0,7.5,3603601327.071429,14389652.714285715,0.0,922.2406015037593,11.0,905.7857142857143,0,3,0,0
0.0,0.0,0.0,0.0,6.0,0.0,26.0,610.0,1716.0,405.0,4.0,7.5,216077615.0,37429.78571428572,695.5714285714286,108.49624060150374,11.0,254.42857142857142,0,3,0,0
0.0,0.0,0.0,0.0,0.0,0.0,29.0,1501.0,1071.0,405.0,5.0,7.5,3291955.3571428573,2.142857142857143,53.07142857142857,12.744360902255638,11.0,44.56015037593985,0,3,0,0
0.0,0.0,0.0,1.0,14.0,0.0,30.0,2667.0,2253.0,405.0,4.0,7.5,160204105.7857143,231.85714285714286,0.0,413.1353383458647,11.0,212.0,0,3,0,0
0.0,0.0,0.0,0.0,0.0,0.0,27.0,951.0,1398.0,405.0,4.0,7.5,20115897.0,1602.642857142857,358.14285714285717,77.59398496240603,11.0,89.42857142857143,0,3,0,0
0.0,0.0,1.0,1.0,15.0,0.0,30.0,1567.0,1386.0,405.0,5.0,7.5,23096810.42857143,18.928571428571427,685.3571428571429,64.80075187969925,11.0,76.07142857142857,0,3,0,0
0.0,0.0,0.0,0.0,5.0,0.0,27.0,1699.0,1005.0,405.0,5.0,7.5,993065.8571428572,0.42857142857142855,0.0,10.800751879699247,11.0,42.90601503759399,0,3,0,0
0.0,0.0,1.0,1.0,4.0,0.0,30.0,1897.0,1317.0,405.0,4.0,7.5,666188715.1428572,14083.07142857143,0.0,1121.3533834586465,11.0,69.0,0,3,0,0
0.0,0.0,0.0,0.0,14.0,0.0,2.0,247.0,1023.0,405.0,5.0,7.5,43958.07142857143,9.071428571428571,125.64285714285714,4.36842105263158,11.0,55.68421052631579,0,3,0,0
0.0,0.0,0.0,0.0,20.0,1.0,2.0,258.0,972.0,405.0,5.0,7.5,4.5,0.0,9.0,2.3684210526315788,11.0,31.36842105263157,0,3,0,0
0.0,0.0,1.0,0.0,6.0,0.0,29.0,412.0,2172.0,405.0,4.0,7.5,370433153.0,175254.35714285713,3.7142857142857144,248.00751879699246,11.0,176.64285714285714,0,3,0,0
0.0,0.0,0.0,1.0,20.0,0.0,25.0,1028.0,972.0,405.0,5.0,7.5,10246.214285714286,3.2857142857142856,0.0,3.6616541353383454,11.0,28.96992481203008,0,3,0,0
0.0,0.0,0.0,0.0,11.0,0.0,2.0,390.0,996.0,405.0,5.0,7.5,828.5,0.0,0.35714285714285715,2.398496240601504,11.0,30.127819548872175,0,3,0,0
0.0,0.0,0.0,1.0,0.0,0.0,28.0,1688.0,1053.0,405.0,4.0,7.5,3592775.285714286,1.3571428571428572,16.571428571428573,87.40225563909773,11.0,64.61654135338347,0,3,0,0
0.0,0.0,1.0,1.0,0.0,0.0,29.0,2634.0,1542.0,405.0,4.0,7.5,94473353.28571428,10043.0,0.0,149.59022556390977,11.0,156.21428571428572,0,3,0,0
0.0,0.0,0.0,1.0,8.0,0.0,30.0,7914.0,1311.0,405.0,4.0,7.5,295786299.0,29.571428571428573,0.0,388.0789473684211,11.0,145.21428571428572,0,3,0,0
0.0,0.0,0.0,1.0,5.0,0.0,24.0,1061.0,999.0,405.0,4.0,7.5,2199909.1428571427,1.9285714285714286,0.0,19.676691729323313,11.0,36.785714285714285,0,3,0,0
0.0,0.0,0.0,0.0,6.0,0.0,19.0,412.0,1188.0,405.0,5.0,7.5,2983236.285714286,14.285714285714286,150.0,11.845864661654135,11.0,65.07142857142857,0,3,0,0
0.0,0.0,0.0,1.0,0.0,0.0,30.0,7386.0,1017.0,405.0,4.0,7.5,2173428.8571428573,7.357142857142857,0.0,24.334586466165412,11.0,49.23308270676692,0,3,0,0
0.0,0.0,0.0,1.0,0.0,0.0,27.0,8332.0,1032.0,405.0,5.0,7.5,9115661.714285715,58.92857142857143,0.0,30.93984962406015,11.0,54.19548872180451,0,3,0,0
0.0,0.0,0.0,0.0,6.0,1.0,20.0,302.0,1035.0,405.0,4.0,7.5,321156.71428571426,9.785714285714286,47.57142857142857,8.146616541353383,11.0,25.785714285714285,0,3,0,0
0.0,0.0,0.0,1.0,8.0,0.0,27.0,3844.0,1023.0,405.0,4.0,7.5,1472007.2142857143,0.21428571428571427,0.0,9.11654135338346,11.0,43.609022556390975,0,3,0,0
0.0,0.0,0.0,0.0,0.0,0.0,28.0,2051.0,1020.0,405.0,4.0,7.5,14847178.785714285,2764.214285714286,7.285714285714286,72.62406015037594,11.0,49.43984962406015,0,3,0,0
0.0,0.0,0.0,0.0,9.0,0.0,30.0,731.0,1080.0,405.0,4.0,7.5,746307.3571428572,53.357142857142854,0.6428571428571429,7.082706766917293,11.0,30.665413533834588,0,3,0,0
0.0,0.0,0.0,0.0,4.0,1.0,6.0,324.0,972.0,405.0,5.0,7.5,7991.0,2.5714285714285716,113.92857142857143,3.1691729323308273,11.0,33.932330827067666,0,3,0,0
0.0,0.0,0.0,0.0,6.0,0.0,26.0,2172.0,1095.0,405.0,5.0,7.5,6264411.785714285,552.2857142857143,284.85714285714283,21.759398496240603,11.0,86.1203007518797,0,3,0,0
0.0,0.0,0.0,1.0,9.0,0.0,30.0,11060.0,990.0,405.0,5.0,7.5,12222529.214285715,5.714285714285714,0.07142857142857142,56.54135338345865,11.0,58.86842105263158,0,3,0,0
0.0,0.0,0.0,1.0,13.0,0.0,24.0,1490.0,1038.0,405.0,5.0,7.5,2209722.0714285714,12.928571428571429,0.0,24.090225563909772,11.0,47.04135338345865,0,3,0,0
0.0,0.0,0.0,0.0,0.0,0.0,27.0,1083.0,1311.0,405.0,5.0,7.5,215270138.2142857,4804.785714285715,48.642857142857146,406.5225563909774,11.0,114.48872180451129,0,3,0,0
0.0,0.0,0.0,0.0,13.0,0.0,30.0,368.0,1617.0,405.0,4.0,7.5,1571983153.7142856,33961.07142857143,0.8571428571428571,3020.2067669172925,11.0,111.42857142857143,0,3,0,0
0.0,0.0,0.0,1.0,13.0,0.0,25.0,11247.0,990.0,405.0,4.0,7.5,3896589.5714285714,4.357142857142857,0.0,18.657894736842106,11.0,58.703007518796994,0,3,0,0
0.0,0.0,0.0,1.0,9.0,0.0,30.0,5967.0,1023.0,405.0,5.0,7.5,907307.5714285715,0.6428571428571429,0.42857142857142855,10.507518796992482,11.0,43.77443609022556,0,3,0,0
0.0,0.0,0.0,1.0,0.0,0.0,27.0,445.0,981.0,405.0,5.0,7.5,143118.07142857142,2.5,53.285714285714285,6.87218045112782,11.0,29.631578947368418,0,3,0,0
0.0,0.0,0.0,1.0,20.0,0.0,22.0,4768.0,990.0,405.0,4.0,7.5,659728569.5714285,1281.2857142857142,0.0,548.5902255639098,11.0,62.1766917293233,0,3,0,0
0.0,0.0,0.0,0.0,16.0,1.0,22.0,1149.0,1092.0,405.0,4.0,7.5,28635709.07142857,13.714285714285714,251.07142857142858,91.03007518796993,11.0,219.85714285714286,0,3,0,0
0.0,0.0,0.0,0.0,0.0,1.0,8.0,258.0,981.0,405.0,5.0,7.5,14.5,0.0,0.0,2.3684210526315788,11.0,31.36842105263157,0,3,0,0
0.0,0.0,0.0,0.0,8.0,1.0,11.0,324.0,1098.0,405.0,5.0,7.5,13107.07142857143,0.07142857142857142,2002.7857142857142,3.5714285714285707,11.0,29.46616541353384,0,3,0,0
0.0,0.0,0.0,1.0,13.0,1.0,25.0,1039.0,1005.0,405.0,5.0,7.5,6386402.142857143,337.7142857142857,0.0,23.342105263157897,11.0,44.890977443609025,0,3,0,0
0.0,0.0,0.0,1.0,4.0,1.0,17.0,1402.0,1005.0,405.0,4.0,7.5,143716018.57142857,1811.0714285714287,4206.642857142857,584.563909774436,11.0,83.92857142857143,0,3,0,0
0.0,0.0,0.0,1.0,9.0,1.0,19.0,4900.0,978.0,405.0,5.0,7.5,597124.4285714285,0.07142857142857142,0.0,8.586466165413535,11.0,41.293233082706756,0,3,0,0
0.0,0.0,0.0,1.0,0.0,1.0,11.0,2084.0,972.0,405.0,4.0,7.5,5765115.785714285,19.142857142857142,0.0,29.56766917293233,11.0,41.169172932330824,0,3,0,0
0.0,0.0,0.0,1.0,0.0,1.0,8.0,500.0,972.0,405.0,5.0,7.5,117976.21428571429,0.0,1.5,6.045112781954887,11.0,28.928571428571427,0,3,0,0
0.0,0.0,0.0,1.0,0.0,1.0,6.0,2942.0,972.0,405.0,5.0,7.5,417576.9285714286,0.07142857142857142,57.857142857142854,7.195488721804511,11.0,37.902255639097746,0,3,0,0
