manage_shop_indicator,officialstore_indicator,preferred_shop_indicator,crossborder_indicator,shop_category,new_seller_flag,seller_centre_login_L30D,shop_sku_number,shop_follower_number,shop_L180D_order,weighted_shop_rating,kmeans.labels,agglomerative.average.labels,agglomerative.complete.labels,agglomerative.single.labels,agglomerative.ward.labels,meanshift.labels
0.0,0.0,1.0,0.0,4.0,0.0,29.0,676.0,4086.0,5332.0,4.0,0,1,0,1,1,0
0.0,0.0,0.0,0.0,6.0,0.0,16.0,1072.0,2859.0,3746.0,3.0,0,1,0,1,1,0
0.0,0.0,1.0,0.0,6.0,0.0,24.0,1776.0,17355.0,8101.0,4.0,0,0,0,1,1,0
1.0,1.0,0.0,0.0,20.0,0.0,30.0,4240.0,1474614.0,591385.0,4.0,1,0,0,4,4,9
1.0,0.0,1.0,0.0,0.0,0.0,30.0,1028.0,25302.0,28823.0,4.0,0,1,0,1,1,0
1.0,0.0,0.0,0.0,8.0,0.0,30.0,1391.0,50283.0,123827.0,4.0,0,1,2,1,1,0
0.0,0.0,1.0,0.0,3.0,0.0,26.0,533.0,23850.0,16226.0,4.0,0,0,0,1,1,0
0.0,0.0,0.0,0.0,6.0,0.0,17.0,654.0,2466.0,1835.0,5.0,0,0,0,1,1,0
0.0,0.0,1.0,0.0,6.0,0.0,30.0,1094.0,5337.0,10857.0,4.0,0,1,2,1,1,0
1.0,1.0,0.0,0.0,20.0,0.0,26.0,10587.0,636978.0,87960.0,4.0,4,0,0,3,3,11
1.0,1.0,0.0,0.0,2.0,0.0,26.0,984.0,24159.0,131796.0,4.0,0,1,2,1,1,0
0.0,0.0,1.0,0.0,11.0,0.0,6.0,2821.0,12903.0,10012.0,4.0,0,0,0,1,1,0
0.0,0.0,0.0,0.0,20.0,0.0,30.0,500.0,1044.0,1393.0,5.0,0,1,0,1,1,0
0.0,0.0,0.0,0.0,6.0,0.0,29.0,610.0,18093.0,7659.0,4.0,0,0,0,1,1,0
0.0,0.0,1.0,0.0,8.0,0.0,27.0,2073.0,120399.0,12794.0,4.0,0,0,0,1,1,0
1.0,0.0,0.0,0.0,5.0,0.0,30.0,4273.0,260589.0,53328.0,4.0,0,0,0,1,1,6
0.0,0.0,1.0,0.0,1.0,0.0,29.0,2997.0,8526.0,32619.0,5.0,0,1,2,1,1,0
0.0,0.0,0.0,0.0,3.0,0.0,30.0,1336.0,5229.0,4500.0,4.0,0,0,0,1,1,0
1.0,0.0,1.0,0.0,8.0,0.0,30.0,4416.0,305928.0,1061946.0,4.0,2,1,2,0,0,3
1.0,0.0,0.0,0.0,7.0,0.0,30.0,4328.0,146610.0,259937.0,4.0,4,1,2,3,3,1
0.0,0.0,1.0,0.0,0.0,0.0,30.0,3932.0,7773.0,40367.0,5.0,0,1,2,1,1,0
1.0,0.0,1.0,0.0,1.0,0.0,28.0,1468.0,11985.0,35453.0,5.0,0,1,2,1,1,0
1.0,0.0,1.0,0.0,0.0,0.0,26.0,863.0,4389.0,52418.0,4.0,0,1,2,1,1,0
1.0,0.0,1.0,0.0,6.0,0.0,29.0,1369.0,12201.0,18410.0,5.0,0,1,2,1,1,0
0.0,0.0,0.0,0.0,8.0,0.0,2.0,1237.0,1689.0,782.0,4.0,0,0,1,1,1,0
0.0,0.0,0.0,0.0,9.0,0.0,27.0,4625.0,38943.0,10909.0,4.0,0,0,0,1,1,0
1.0,1.0,0.0,0.0,16.0,0.0,25.0,1435.0,34143.0,15862.0,4.0,0,0,0,1,1,0
0.0,0.0,0.0,0.0,8.0,0.0,22.0,1193.0,5202.0,8608.0,4.0,0,1,2,1,1,0
1.0,0.0,1.0,0.0,8.0,0.0,30.0,8893.0,1139631.0,670763.0,4.0,1,0,0,4,4,20
1.0,0.0,1.0,0.0,0.0,0.0,30.0,2546.0,202140.0,328369.0,4.0,4,1,2,3,3,1
1.0,0.0,0.0,0.0,9.0,0.0,30.0,2359.0,311424.0,657048.0,4.0,4,1,2,3,3,5
0.0,0.0,1.0,0.0,16.0,0.0,29.0,764.0,38304.0,10961.0,4.0,0,0,0,1,1,0
1.0,0.0,0.0,0.0,1.0,0.0,22.0,11148.0,28107.0,57956.0,4.0,0,1,2,1,1,0
1.0,0.0,1.0,0.0,13.0,0.0,30.0,2964.0,31941.0,47140.0,4.0,0,1,2,1,1,0
1.0,0.0,0.0,0.0,15.0,0.0,28.0,5890.0,19065.0,75688.0,4.0,0,1,2,1,1,0
0.0,0.0,0.0,0.0,6.0,0.0,26.0,478.0,2328.0,1510.0,4.0,0,0,0,1,1,0
0.0,0.0,0.0,0.0,15.0,0.0,22.0,412.0,1395.0,4500.0,5.0,0,1,2,1,1,0
0.0,0.0,0.0,0.0,6.0,0.0,16.0,1149.0,1320.0,860.0,5.0,0,2,3,1,1,0
0.0,0.0,0.0,0.0,9.0,0.0,27.0,2920.0,29769.0,9284.0,4.0,0,0,0,1,1,0
0.0,0.0,0.0,0.0,1.0,0.0,6.0,786.0,12075.0,6359.0,5.0,0,0,0,1,1,0
0.0,0.0,0.0,0.0,8.0,0.0,16.0,269.0,11691.0,405.0,5.0,0,0,0,1,1,0
0.0,0.0,0.0,0.0,6.0,0.0,14.0,852.0,1674.0,1562.0,5.0,0,1,0,1,1,0
0.0,0.0,0.0,0.0,20.0,0.0,29.0,709.0,1563.0,405.0,4.0,0,0,1,1,1,0
1.0,0.0,1.0,0.0,0.0,0.0,27.0,5076.0,343074.0,350820.0,4.0,4,1,0,3,3,21
0.0,0.0,1.0,0.0,6.0,0.0,29.0,731.0,6006.0,14978.0,5.0,0,1,2,1,1,0
1.0,0.0,0.0,0.0,5.0,0.0,27.0,4867.0,331428.0,1192115.0,4.0,2,1,2,0,0,3
0.0,0.0,0.0,0.0,3.0,0.0,9.0,720.0,1089.0,470.0,4.0,0,0,1,1,1,0
0.0,0.0,0.0,0.0,13.0,0.0,30.0,346.0,2901.0,860.0,4.0,0,0,0,1,1,0
0.0,0.0,0.0,0.0,8.0,0.0,26.0,2777.0,3873.0,10662.0,4.0,0,1,2,1,1,0
1.0,0.0,0.0,0.0,16.0,0.0,30.0,1622.0,124752.0,100245.0,4.0,0,0,0,1,1,6
0.0,0.0,0.0,0.0,5.0,0.0,16.0,797.0,1092.0,470.0,5.0,0,0,1,1,1,0
0.0,0.0,0.0,0.0,4.0,0.0,28.0,1809.0,6642.0,3018.0,4.0,0,0,0,1,1,0
0.0,0.0,1.0,0.0,15.0,0.0,24.0,511.0,5028.0,8517.0,4.0,0,1,2,1,1,0
1.0,1.0,0.0,0.0,20.0,0.0,30.0,37856.0,1421073.0,865672.0,4.0,1,0,0,4,4,8
1.0,0.0,0.0,0.0,8.0,0.0,30.0,2238.0,24708.0,44592.0,4.0,0,1,2,1,1,0
0.0,0.0,0.0,0.0,7.0,0.0,8.0,412.0,1014.0,600.0,4.0,0,0,0,1,1,0
0.0,0.0,0.0,1.0,8.0,0.0,30.0,14525.0,74169.0,35128.0,4.0,0,0,0,1,1,0
0.0,0.0,0.0,0.0,20.0,0.0,29.0,1105.0,1179.0,405.0,5.0,0,2,1,1,1,0
0.0,0.0,1.0,1.0,0.0,0.0,27.0,27604.0,34911.0,187891.0,4.0,0,1,2,1,1,1
0.0,0.0,1.0,1.0,0.0,0.0,30.0,15757.0,13827.0,66367.0,4.0,0,1,2,1,1,0
0.0,0.0,1.0,0.0,20.0,0.0,30.0,1644.0,2709.0,7100.0,5.0,0,1,2,1,1,0
0.0,0.0,0.0,0.0,8.0,0.0,30.0,1127.0,8640.0,18813.0,4.0,0,1,2,1,1,0
0.0,0.0,0.0,1.0,13.0,0.0,26.0,6880.0,47859.0,38690.0,4.0,0,0,0,1,1,0
1.0,0.0,1.0,0.0,6.0,0.0,26.0,632.0,28044.0,64703.0,4.0,0,1,2,1,1,0
0.0,0.0,0.0,0.0,7.0,0.0,30.0,1083.0,10014.0,30786.0,4.0,0,1,2,1,1,0
0.0,0.0,0.0,0.0,3.0,0.0,1.0,434.0,1449.0,782.0,5.0,0,0,0,1,1,0
0.0,0.0,0.0,0.0,3.0,0.0,30.0,1710.0,4545.0,3486.0,5.0,0,1,0,1,1,0
0.0,0.0,0.0,0.0,1.0,0.0,8.0,533.0,2367.0,3642.0,4.0,0,1,2,1,1,0
0.0,0.0,0.0,1.0,20.0,0.0,21.0,599.0,1953.0,4370.0,4.0,0,1,2,1,1,0
1.0,1.0,0.0,0.0,9.0,0.0,30.0,632.0,29709.0,14471.0,4.0,0,0,0,1,1,0
1.0,0.0,1.0,0.0,6.0,0.0,30.0,4944.0,78543.0,329383.0,4.0,4,1,2,3,3,4
0.0,0.0,0.0,0.0,8.0,0.0,29.0,5450.0,12117.0,16291.0,4.0,0,1,0,1,1,0
1.0,0.0,0.0,0.0,16.0,0.0,29.0,2282.0,26613.0,30396.0,4.0,0,1,0,1,1,0
1.0,0.0,0.0,0.0,15.0,0.0,17.0,3041.0,87027.0,25079.0,4.0,0,0,0,1,1,0
0.0,0.0,0.0,1.0,0.0,0.0,18.0,25701.0,11985.0,6645.0,4.0,0,2,4,1,1,0
1.0,0.0,0.0,0.0,4.0,0.0,28.0,4097.0,93234.0,531455.0,4.0,4,1,2,3,3,2
1.0,0.0,0.0,0.0,15.0,0.0,21.0,6242.0,149010.0,151777.0,4.0,0,1,0,1,1,1
0.0,0.0,1.0,1.0,15.0,0.0,29.0,28165.0,44835.0,18566.0,4.0,0,0,1,1,1,0
0.0,0.0,0.0,0.0,1.0,0.0,14.0,2040.0,35895.0,10545.0,4.0,0,0,0,1,1,0
0.0,0.0,0.0,0.0,8.0,0.0,26.0,1413.0,1311.0,405.0,4.0,0,2,1,1,1,0
1.0,1.0,0.0,0.0,5.0,0.0,30.0,1270.0,1652265.0,1757030.0,5.0,3,1,0,2,2,16
1.0,1.0,0.0,0.0,10.0,0.0,30.0,1160.0,12306.0,107538.0,4.0,0,1,2,1,1,0
0.0,0.0,0.0,0.0,5.0,0.0,19.0,918.0,2133.0,405.0,5.0,0,0,1,1,1,0
1.0,0.0,0.0,0.0,6.0,0.0,16.0,1655.0,2526.0,5787.0,4.0,0,1,2,1,1,0
1.0,0.0,0.0,0.0,8.0,0.0,1.0,3822.0,34908.0,11065.0,4.0,0,0,0,1,1,0
0.0,0.0,0.0,0.0,15.0,0.0,29.0,1017.0,3585.0,12586.0,4.0,0,1,2,1,1,0
1.0,1.0,0.0,0.0,6.0,0.0,30.0,3965.0,11655.0,37975.0,4.0,0,1,2,1,1,0
0.0,0.0,0.0,0.0,6.0,0.0,4.0,511.0,1473.0,483.0,5.0,0,0,0,1,1,0
1.0,1.0,0.0,0.0,15.0,0.0,27.0,1809.0,42486.0,91587.0,4.0,0,1,2,1,1,0
0.0,0.0,0.0,0.0,8.0,0.0,28.0,1325.0,2418.0,11689.0,4.0,0,1,2,1,1,0
0.0,0.0,0.0,0.0,7.0,0.0,30.0,313.0,5829.0,7308.0,4.0,0,1,0,1,1,0
0.0,0.0,0.0,1.0,11.0,0.0,25.0,2084.0,29241.0,56682.0,4.0,0,1,2,1,1,0
1.0,0.0,1.0,0.0,9.0,0.0,30.0,1809.0,8202.0,16226.0,4.0,0,1,2,1,1,0
1.0,0.0,0.0,0.0,17.0,0.0,26.0,1644.0,10302.0,5267.0,4.0,0,0,0,1,1,0
1.0,0.0,0.0,0.0,5.0,0.0,30.0,4163.0,23967.0,30071.0,4.0,0,1,0,1,1,0
0.0,0.0,0.0,0.0,6.0,0.0,19.0,676.0,2889.0,10116.0,5.0,0,1,2,1,1,0
0.0,0.0,0.0,1.0,15.0,0.0,30.0,3734.0,6093.0,25820.0,4.0,0,1,2,1,1,0
0.0,0.0,1.0,1.0,13.0,0.0,23.0,4845.0,14541.0,27627.0,4.0,0,1,2,1,1,0
0.0,0.0,1.0,1.0,0.0,0.0,26.0,36547.0,8067.0,10259.0,4.0,0,4,4,1,1,0
1.0,0.0,1.0,0.0,6.0,0.0,30.0,1479.0,34803.0,135033.0,4.0,0,1,2,1,1,0
1.0,0.0,1.0,0.0,0.0,0.0,27.0,12600.0,18525.0,63754.0,4.0,0,1,2,1,1,0
0.0,0.0,0.0,1.0,13.0,0.0,30.0,16538.0,69948.0,48752.0,4.0,0,0,0,1,1,0
1.0,0.0,0.0,0.0,6.0,0.0,7.0,357.0,1152.0,418.0,4.0,0,0,0,1,1,0
0.0,0.0,1.0,0.0,9.0,0.0,26.0,2040.0,15621.0,53367.0,4.0,0,1,2,1,1,0
1.0,1.0,0.0,0.0,0.0,0.0,29.0,951.0,272397.0,1142390.0,4.0,2,1,2,0,0,3
0.0,0.0,0.0,1.0,0.0,0.0,10.0,18243.0,23025.0,66497.0,4.0,0,1,2,1,1,0
1.0,0.0,1.0,0.0,0.0,0.0,29.0,1094.0,26103.0,81512.0,4.0,0,1,2,1,1,0
0.0,0.0,1.0,1.0,0.0,0.0,30.0,30057.0,152460.0,388273.0,4.0,4,1,2,3,3,4
0.0,0.0,0.0,0.0,0.0,0.0,25.0,753.0,1125.0,405.0,5.0,0,0,1,1,1,0
0.0,0.0,0.0,1.0,4.0,0.0,28.0,44665.0,11385.0,47296.0,4.0,0,3,3,1,1,0
0.0,0.0,0.0,0.0,6.0,0.0,20.0,698.0,1623.0,1705.0,5.0,0,1,0,1,1,0
0.0,0.0,0.0,0.0,16.0,0.0,28.0,962.0,258174.0,415300.0,4.0,4,1,2,3,3,7
0.0,0.0,0.0,0.0,0.0,0.0,3.0,610.0,3120.0,8751.0,5.0,0,1,2,1,1,0
0.0,0.0,1.0,1.0,15.0,0.0,22.0,22863.0,6096.0,26145.0,4.0,0,3,3,1,1,0
1.0,1.0,0.0,0.0,7.0,0.0,30.0,24084.0,2349123.0,1216308.0,4.0,3,0,0,2,2,12
1.0,1.0,0.0,0.0,9.0,0.0,25.0,775.0,11727.0,9310.0,4.0,0,0,0,1,1,0
0.0,0.0,1.0,0.0,20.0,0.0,29.0,1116.0,24663.0,20659.0,5.0,0,0,0,1,1,0
0.0,0.0,1.0,1.0,8.0,0.0,28.0,16076.0,152298.0,247041.0,4.0,4,1,2,3,3,1
1.0,1.0,0.0,0.0,6.0,0.0,30.0,1545.0,886977.0,708892.0,4.0,1,0,0,4,4,13
1.0,0.0,0.0,0.0,15.0,0.0,30.0,5813.0,40821.0,171914.0,4.0,0,1,2,1,1,1
0.0,0.0,0.0,1.0,13.0,0.0,30.0,5362.0,558966.0,1882545.0,4.0,2,1,2,0,0,23
1.0,1.0,0.0,0.0,5.0,0.0,30.0,2678.0,627807.0,456809.0,4.0,4,0,0,3,3,15
1.0,1.0,0.0,0.0,9.0,0.0,30.0,1237.0,236283.0,438583.0,4.0,4,1,2,3,3,7
1.0,1.0,0.0,0.0,6.0,0.0,30.0,1930.0,34437.0,51898.0,4.0,0,1,2,1,1,0
1.0,0.0,1.0,0.0,6.0,0.0,30.0,4900.0,5658.0,27913.0,4.0,0,1,2,1,1,0
0.0,0.0,0.0,0.0,9.0,0.0,30.0,1171.0,8952.0,12339.0,4.0,0,1,0,1,1,0
0.0,0.0,0.0,0.0,8.0,0.0,30.0,9355.0,2745.0,12352.0,4.0,0,3,2,1,1,0
0.0,0.0,0.0,0.0,4.0,0.0,16.0,588.0,999.0,561.0,4.0,0,0,0,1,1,0
0.0,0.0,1.0,1.0,15.0,0.0,26.0,51683.0,13398.0,47179.0,4.0,0,3,3,1,1,0
0.0,0.0,1.0,1.0,4.0,0.0,30.0,48086.0,14817.0,46971.0,4.0,0,3,3,1,1,0
0.0,0.0,1.0,1.0,0.0,0.0,24.0,13535.0,28620.0,71632.0,4.0,0,1,2,1,1,0
0.0,0.0,0.0,1.0,5.0,0.0,30.0,27252.0,6849.0,8023.0,4.0,0,4,4,1,1,0
0.0,0.0,1.0,0.0,7.0,0.0,18.0,379.0,10566.0,16265.0,4.0,0,1,2,1,1,0
1.0,1.0,0.0,0.0,15.0,0.0,30.0,1545.0,60843.0,20997.0,4.0,0,0,0,1,1,0
1.0,1.0,0.0,0.0,20.0,0.0,30.0,4086.0,656739.0,1509835.0,4.0,2,1,2,0,0,10
1.0,1.0,0.0,0.0,9.0,0.0,30.0,566.0,32979.0,22830.0,5.0,0,0,0,1,1,0
0.0,0.0,1.0,1.0,4.0,0.0,30.0,3569.0,11193.0,15615.0,4.0,0,1,0,1,1,0
1.0,1.0,0.0,0.0,2.0,0.0,24.0,1248.0,5508.0,4721.0,4.0,0,0,0,1,1,0
1.0,1.0,0.0,0.0,6.0,0.0,30.0,753.0,42672.0,15875.0,4.0,0,0,0,1,1,0
0.0,0.0,1.0,1.0,20.0,0.0,30.0,5208.0,53265.0,78444.0,4.0,0,1,2,1,1,0
0.0,0.0,0.0,0.0,0.0,0.0,28.0,599.0,1212.0,2680.0,4.0,0,1,2,1,1,0
0.0,0.0,0.0,1.0,13.0,0.0,27.0,8585.0,139929.0,401338.0,4.0,4,1,2,3,3,4
0.0,0.0,1.0,1.0,13.0,0.0,30.0,6660.0,51696.0,151530.0,4.0,0,1,2,1,1,0
1.0,0.0,0.0,0.0,0.0,0.0,28.0,687.0,28620.0,89429.0,4.0,0,1,2,1,1,0
0.0,0.0,0.0,1.0,9.0,0.0,30.0,852.0,1236.0,483.0,4.0,0,0,1,1,1,0
0.0,0.0,1.0,0.0,20.0,0.0,26.0,874.0,2796.0,5072.0,5.0,0,1,2,1,1,0
0.0,0.0,0.0,0.0,6.0,0.0,30.0,1545.0,2931.0,405.0,4.0,0,0,1,1,1,0
1.0,0.0,1.0,0.0,6.0,0.0,30.0,797.0,93447.0,175762.0,5.0,0,1,2,1,1,1
0.0,0.0,1.0,1.0,20.0,0.0,30.0,2623.0,24912.0,73803.0,4.0,0,1,2,1,1,0
1.0,0.0,1.0,0.0,20.0,0.0,26.0,489.0,3840.0,9622.0,5.0,0,1,2,1,1,0
1.0,0.0,1.0,0.0,4.0,0.0,30.0,1952.0,30084.0,187592.0,4.0,0,1,2,1,1,1
1.0,1.0,0.0,0.0,20.0,0.0,26.0,2964.0,17496.0,81876.0,4.0,0,1,2,1,1,0
1.0,1.0,0.0,0.0,6.0,0.0,25.0,1809.0,131553.0,80355.0,4.0,0,0,0,1,1,6
0.0,0.0,1.0,1.0,15.0,0.0,30.0,4273.0,3621.0,14549.0,4.0,0,1,2,1,1,0
0.0,0.0,1.0,1.0,8.0,0.0,30.0,16659.0,240141.0,267087.0,4.0,4,1,0,3,3,1
1.0,0.0,1.0,0.0,8.0,0.0,27.0,907.0,234987.0,22180.0,4.0,0,0,0,1,1,6
1.0,1.0,0.0,0.0,20.0,0.0,28.0,3987.0,27603.0,28511.0,5.0,0,1,0,1,1,0
0.0,0.0,0.0,0.0,8.0,0.0,6.0,3943.0,21189.0,14224.0,4.0,0,0,0,1,1,0
0.0,0.0,0.0,1.0,15.0,0.0,20.0,29617.0,2277.0,10207.0,4.0,0,4,4,1,1,0
0.0,0.0,0.0,1.0,0.0,0.0,29.0,46469.0,10275.0,8010.0,4.0,0,4,4,1,1,0
0.0,0.0,0.0,0.0,7.0,0.0,28.0,588.0,3078.0,4617.0,4.0,0,1,0,1,1,0
1.0,0.0,1.0,0.0,11.0,0.0,30.0,2458.0,9183.0,62896.0,5.0,0,1,2,1,1,0
0.0,0.0,1.0,1.0,8.0,0.0,30.0,2942.0,34905.0,15251.0,4.0,0,0,0,1,1,0
0.0,0.0,0.0,0.0,3.0,0.0,30.0,445.0,1059.0,405.0,5.0,0,0,0,1,1,0
0.0,0.0,1.0,1.0,5.0,0.0,28.0,24854.0,11898.0,36389.0,4.0,0,3,2,1,1,0
0.0,0.0,1.0,1.0,1.0,0.0,26.0,60362.0,19692.0,30474.0,4.0,0,3,3,1,1,0
1.0,0.0,1.0,0.0,0.0,0.0,30.0,2040.0,32868.0,159252.0,4.0,0,1,2,1,1,0
0.0,0.0,0.0,0.0,3.0,0.0,28.0,973.0,26940.0,4981.0,4.0,0,0,0,1,1,0
0.0,0.0,1.0,0.0,1.0,0.0,30.0,731.0,10965.0,19190.0,4.0,0,1,2,1,1,0
0.0,0.0,0.0,1.0,20.0,0.0,30.0,13480.0,118713.0,539021.0,4.0,4,1,2,3,3,2
0.0,0.0,0.0,1.0,20.0,0.0,24.0,20839.0,12495.0,36558.0,4.0,0,3,2,1,1,0
0.0,0.0,0.0,1.0,8.0,0.0,30.0,10598.0,93138.0,70592.0,4.0,0,0,0,1,1,0
0.0,1.0,0.0,1.0,7.0,0.0,30.0,21521.0,182421.0,213085.0,4.0,4,1,0,3,3,1
1.0,1.0,0.0,0.0,6.0,0.0,22.0,621.0,9150.0,9778.0,5.0,0,1,0,1,1,0
0.0,0.0,0.0,1.0,13.0,0.0,9.0,4108.0,6231.0,3044.0,4.0,0,0,1,1,1,0
1.0,0.0,0.0,0.0,4.0,0.0,28.0,1435.0,19518.0,165570.0,4.0,0,1,2,1,1,0
0.0,0.0,1.0,1.0,20.0,0.0,20.0,14723.0,47931.0,36259.0,4.0,0,0,0,1,1,0
0.0,0.0,0.0,1.0,20.0,0.0,30.0,1358.0,15597.0,13951.0,4.0,0,0,0,1,1,0
0.0,0.0,0.0,0.0,8.0,0.0,10.0,280.0,1044.0,3863.0,5.0,0,1,2,1,1,0
0.0,0.0,0.0,0.0,1.0,0.0,8.0,467.0,1287.0,405.0,5.0,0,0,0,1,1,0
0.0,0.0,0.0,0.0,8.0,0.0,19.0,885.0,94755.0,11754.0,4.0,0,0,0,1,1,0
0.0,0.0,1.0,1.0,13.0,0.0,30.0,1787.0,22398.0,18449.0,4.0,0,0,0,1,1,0
1.0,0.0,1.0,0.0,6.0,0.0,30.0,4405.0,253779.0,540932.0,4.0,4,1,2,3,3,5
0.0,0.0,0.0,0.0,14.0,0.0,25.0,533.0,2055.0,16850.0,4.0,0,1,2,1,1,0
1.0,0.0,0.0,0.0,0.0,0.0,30.0,6253.0,32262.0,5020.0,4.0,0,0,0,1,1,0
1.0,1.0,0.0,0.0,1.0,0.0,30.0,235383.0,465885.0,1402650.0,5.0,2,1,2,0,0,18
0.0,0.0,0.0,1.0,3.0,0.0,29.0,7958.0,54753.0,5592.0,5.0,0,0,0,1,1,0
0.0,0.0,0.0,0.0,20.0,0.0,30.0,434.0,1479.0,1731.0,4.0,0,1,0,1,1,0
0.0,0.0,1.0,1.0,13.0,0.0,28.0,4229.0,2892.0,7672.0,4.0,0,3,2,1,1,0
0.0,0.0,0.0,1.0,2.0,0.0,27.0,4801.0,21921.0,28810.0,4.0,0,1,0,1,1,0
0.0,0.0,0.0,0.0,20.0,0.0,20.0,1798.0,32841.0,3304.0,5.0,0,0,0,1,1,0
0.0,0.0,1.0,1.0,20.0,0.0,30.0,6462.0,30894.0,92692.0,4.0,0,1,2,1,1,0
1.0,1.0,0.0,0.0,6.0,0.0,29.0,610.0,17127.0,4630.0,4.0,0,0,0,1,1,0
1.0,0.0,0.0,0.0,0.0,0.0,30.0,4625.0,105216.0,214684.0,4.0,4,1,2,1,1,1
1.0,0.0,0.0,0.0,0.0,0.0,30.0,4845.0,243285.0,592828.0,4.0,4,1,2,3,3,5
1.0,0.0,0.0,0.0,0.0,0.0,30.0,3492.0,288825.0,1040782.0,4.0,2,1,2,0,0,3
1.0,1.0,0.0,0.0,0.0,0.0,20.0,1534.0,4680.0,2498.0,4.0,0,0,0,1,1,0
0.0,0.0,0.0,0.0,0.0,0.0,17.0,335.0,3534.0,8569.0,4.0,0,1,2,1,1,0
0.0,0.0,0.0,0.0,8.0,0.0,1.0,720.0,4233.0,431.0,4.0,0,0,0,1,1,0
0.0,0.0,1.0,1.0,20.0,0.0,28.0,2865.0,6999.0,6060.0,4.0,0,1,0,1,1,0
1.0,0.0,1.0,0.0,8.0,0.0,27.0,1204.0,51498.0,87856.0,4.0,0,1,2,1,1,0
0.0,0.0,0.0,1.0,9.0,0.0,29.0,11192.0,14472.0,19788.0,4.0,0,1,0,1,1,0
0.0,0.0,1.0,1.0,15.0,0.0,30.0,27549.0,39159.0,67719.0,4.0,0,1,2,1,1,0
1.0,0.0,1.0,0.0,11.0,0.0,30.0,258.0,22482.0,145342.0,4.0,0,1,2,1,1,0
0.0,0.0,0.0,1.0,0.0,0.0,18.0,3294.0,1791.0,8075.0,4.0,0,1,2,1,1,0
0.0,0.0,0.0,0.0,1.0,0.0,17.0,1215.0,2238.0,2758.0,5.0,0,1,0,1,1,0
0.0,0.0,1.0,0.0,20.0,0.0,30.0,621.0,1443.0,405.0,4.0,0,0,1,1,1,0
1.0,1.0,0.0,0.0,11.0,0.0,30.0,1039.0,44109.0,79198.0,4.0,0,1,2,1,1,0
0.0,0.0,0.0,1.0,20.0,0.0,30.0,2370.0,2370.0,3161.0,4.0,0,3,3,1,1,0
0.0,0.0,0.0,0.0,20.0,0.0,22.0,577.0,6387.0,4422.0,5.0,0,0,0,1,1,0
1.0,1.0,0.0,0.0,3.0,0.0,30.0,12435.0,53337.0,40536.0,5.0,0,0,0,1,1,0
0.0,0.0,0.0,1.0,8.0,0.0,30.0,16538.0,183561.0,197719.0,4.0,4,1,0,3,3,1
1.0,0.0,1.0,0.0,20.0,0.0,29.0,874.0,29073.0,26002.0,5.0,0,0,0,1,1,0
1.0,1.0,0.0,0.0,8.0,0.0,30.0,8827.0,91587.0,113141.0,4.0,0,1,0,1,1,0
0.0,0.0,0.0,1.0,10.0,0.0,26.0,9102.0,1239.0,1198.0,4.0,0,4,4,1,1,0
0.0,0.0,0.0,1.0,9.0,0.0,30.0,15108.0,145512.0,544195.0,4.0,4,1,2,3,3,2
1.0,1.0,0.0,0.0,11.0,0.0,25.0,2557.0,27039.0,30422.0,4.0,0,1,0,1,1,0
0.0,0.0,0.0,1.0,0.0,0.0,20.0,2590.0,2865.0,1172.0,4.0,0,2,1,1,1,0
0.0,0.0,0.0,1.0,2.0,0.0,26.0,1732.0,6981.0,4500.0,4.0,0,0,0,1,1,0
0.0,0.0,0.0,1.0,3.0,0.0,26.0,6473.0,4254.0,3135.0,4.0,0,2,3,1,1,0
1.0,0.0,0.0,0.0,2.0,0.0,30.0,951.0,8448.0,405.0,4.0,0,0,0,1,1,0
1.0,0.0,0.0,0.0,0.0,0.0,19.0,720.0,15819.0,16356.0,4.0,0,1,0,1,1,0
0.0,0.0,1.0,1.0,5.0,0.0,28.0,2722.0,2724.0,6216.0,4.0,0,1,2,1,1,0
0.0,0.0,0.0,1.0,13.0,0.0,22.0,643.0,8160.0,5475.0,4.0,0,0,0,1,1,0
0.0,0.0,1.0,1.0,0.0,0.0,30.0,2205.0,10167.0,39314.0,4.0,0,1,2,1,1,0
0.0,0.0,0.0,0.0,3.0,0.0,2.0,291.0,1332.0,2706.0,5.0,0,1,2,1,1,0
0.0,0.0,0.0,0.0,6.0,0.0,16.0,313.0,1056.0,1861.0,5.0,0,1,2,1,1,0
0.0,0.0,0.0,0.0,14.0,0.0,6.0,577.0,990.0,405.0,5.0,0,0,1,1,1,0
0.0,0.0,1.0,1.0,13.0,0.0,29.0,1622.0,13737.0,23727.0,4.0,0,1,2,1,1,0
1.0,1.0,0.0,0.0,6.0,0.0,26.0,1347.0,7800.0,6515.0,4.0,0,0,0,1,1,0
0.0,0.0,0.0,0.0,6.0,0.0,30.0,522.0,1086.0,548.0,5.0,0,0,0,1,1,0
0.0,0.0,1.0,1.0,0.0,0.0,17.0,2304.0,60849.0,84281.0,4.0,0,1,0,1,1,0
0.0,0.0,0.0,1.0,13.0,0.0,30.0,2403.0,131043.0,484239.0,4.0,4,1,2,3,3,2
0.0,0.0,0.0,1.0,0.0,0.0,26.0,2788.0,20460.0,22271.0,4.0,0,1,0,1,1,0
0.0,0.0,0.0,0.0,7.0,0.0,9.0,357.0,1806.0,1315.0,5.0,0,0,0,1,1,0
0.0,0.0,0.0,1.0,15.0,0.0,21.0,1567.0,1077.0,418.0,5.0,0,2,1,1,1,0
1.0,0.0,0.0,0.0,19.0,0.0,26.0,852.0,8946.0,46477.0,4.0,0,1,2,1,1,0
0.0,0.0,1.0,0.0,16.0,0.0,26.0,577.0,3717.0,405.0,4.0,0,0,0,1,1,0
0.0,0.0,0.0,0.0,16.0,0.0,25.0,1633.0,29823.0,9414.0,4.0,0,0,0,1,1,0
1.0,1.0,0.0,0.0,6.0,0.0,27.0,951.0,3225.0,1315.0,4.0,0,0,0,1,1,0
1.0,0.0,1.0,0.0,11.0,0.0,30.0,709.0,58767.0,201671.0,5.0,0,1,2,1,1,1
1.0,1.0,0.0,0.0,20.0,0.0,30.0,599.0,47430.0,7165.0,4.0,0,0,0,1,1,0
1.0,1.0,0.0,0.0,6.0,0.0,30.0,313.0,353865.0,546509.0,4.0,4,1,2,3,3,14
0.0,0.0,0.0,0.0,1.0,0.0,30.0,2502.0,16701.0,29317.0,4.0,0,1,2,1,1,0
1.0,0.0,1.0,0.0,9.0,0.0,30.0,1281.0,477615.0,1388116.0,4.0,2,1,2,0,0,19
1.0,0.0,0.0,0.0,8.0,0.0,23.0,643.0,43005.0,27536.0,4.0,0,0,0,1,1,0
1.0,0.0,1.0,0.0,6.0,0.0,30.0,3976.0,43785.0,280893.0,5.0,4,1,2,3,3,1
0.0,0.0,0.0,1.0,14.0,0.0,2.0,280.0,1620.0,418.0,4.0,0,0,0,1,1,0
1.0,1.0,0.0,0.0,20.0,0.0,30.0,753.0,115215.0,287900.0,4.0,4,1,2,3,3,1
0.0,0.0,0.0,0.0,5.0,0.0,10.0,555.0,4041.0,2277.0,4.0,0,0,0,1,1,0
1.0,0.0,0.0,0.0,7.0,0.0,28.0,1193.0,39252.0,81083.0,4.0,0,1,2,1,1,0
0.0,0.0,0.0,1.0,20.0,0.0,8.0,5395.0,6972.0,18436.0,4.0,0,1,2,1,1,0
0.0,0.0,0.0,0.0,17.0,0.0,6.0,1270.0,1200.0,1081.0,4.0,0,2,3,1,1,0
0.0,0.0,0.0,1.0,13.0,0.0,30.0,12611.0,8709.0,48492.0,4.0,0,1,2,1,1,0
1.0,0.0,0.0,0.0,8.0,0.0,30.0,863.0,31794.0,85087.0,4.0,0,1,2,1,1,0
0.0,0.0,0.0,0.0,3.0,0.0,2.0,500.0,1470.0,886.0,4.0,0,0,0,1,1,0
1.0,1.0,0.0,0.0,20.0,0.0,30.0,511.0,23952.0,59191.0,4.0,0,1,2,1,1,0
0.0,0.0,0.0,0.0,6.0,0.0,14.0,1204.0,1758.0,2277.0,5.0,0,1,0,1,1,0
0.0,0.0,1.0,1.0,20.0,0.0,24.0,7771.0,2211.0,11611.0,4.0,0,3,2,1,1,0
0.0,0.0,1.0,1.0,4.0,0.0,29.0,3327.0,6057.0,16538.0,4.0,0,1,2,1,1,0
0.0,1.0,0.0,1.0,20.0,0.0,29.0,1006.0,81615.0,145953.0,4.0,0,1,2,1,1,1
0.0,0.0,0.0,1.0,3.0,0.0,12.0,500.0,1428.0,5878.0,4.0,0,1,2,1,1,0
0.0,0.0,0.0,1.0,15.0,0.0,8.0,3613.0,4872.0,15355.0,4.0,0,1,2,1,1,0
1.0,1.0,0.0,0.0,12.0,0.0,30.0,368.0,35007.0,10623.0,4.0,0,0,0,1,1,0
1.0,0.0,0.0,0.0,7.0,0.0,29.0,588.0,8433.0,9960.0,4.0,0,1,0,1,1,0
0.0,0.0,1.0,0.0,20.0,0.0,25.0,357.0,11844.0,17435.0,5.0,0,1,2,1,1,0
0.0,0.0,0.0,0.0,8.0,0.0,30.0,6693.0,6957.0,4110.0,5.0,0,2,3,1,1,0
0.0,0.0,0.0,1.0,7.0,0.0,30.0,709.0,7203.0,9245.0,4.0,0,1,0,1,1,0
1.0,0.0,1.0,0.0,6.0,0.0,30.0,324.0,9426.0,52860.0,4.0,0,1,2,1,1,0
1.0,0.0,1.0,0.0,20.0,0.0,30.0,1116.0,37188.0,44397.0,4.0,0,1,0,1,1,0
0.0,0.0,0.0,1.0,0.0,0.0,8.0,599.0,20391.0,8244.0,4.0,0,0,0,1,1,0
0.0,0.0,0.0,1.0,2.0,0.0,7.0,863.0,2274.0,4604.0,4.0,0,1,2,1,1,0
0.0,0.0,0.0,1.0,0.0,0.0,4.0,1490.0,2388.0,7100.0,4.0,0,1,2,1,1,0
0.0,0.0,0.0,1.0,20.0,0.0,11.0,5846.0,4827.0,6372.0,4.0,0,3,3,1,1,0
0.0,0.0,0.0,0.0,20.0,0.0,30.0,522.0,1680.0,743.0,4.0,0,0,0,1,1,0
1.0,0.0,0.0,0.0,20.0,0.0,23.0,7045.0,25170.0,54693.0,4.0,0,1,2,1,1,0
0.0,0.0,0.0,1.0,8.0,0.0,30.0,1116.0,63870.0,65366.0,4.0,0,1,0,1,1,0
0.0,0.0,1.0,1.0,20.0,0.0,27.0,1743.0,9849.0,22323.0,4.0,0,1,2,1,1,0
0.0,0.0,0.0,0.0,8.0,0.0,29.0,324.0,12912.0,7308.0,5.0,0,0,0,1,1,0
0.0,0.0,1.0,1.0,0.0,0.0,7.0,4746.0,5970.0,11715.0,4.0,0,1,2,1,1,0
0.0,0.0,1.0,1.0,13.0,0.0,30.0,3734.0,28431.0,126635.0,4.0,0,1,2,1,1,0
0.0,0.0,0.0,1.0,4.0,0.0,30.0,1369.0,10311.0,76559.0,4.0,0,1,2,1,1,0
1.0,0.0,1.0,0.0,6.0,0.0,30.0,973.0,47544.0,111594.0,5.0,0,1,2,1,1,0
0.0,0.0,1.0,1.0,9.0,0.0,27.0,1765.0,17742.0,61323.0,4.0,0,1,2,1,1,0
0.0,0.0,1.0,1.0,20.0,0.0,18.0,3569.0,8010.0,24650.0,4.0,0,1,2,1,1,0
0.0,0.0,0.0,1.0,13.0,0.0,25.0,7122.0,3462.0,6164.0,4.0,0,3,3,1,1,0
0.0,0.0,1.0,0.0,6.0,0.0,27.0,599.0,1809.0,16083.0,5.0,0,1,2,1,1,0
1.0,0.0,0.0,0.0,1.0,0.0,30.0,1963.0,52548.0,225838.0,4.0,0,1,2,1,1,1
1.0,1.0,0.0,0.0,7.0,0.0,28.0,3426.0,11445.0,11780.0,4.0,0,1,0,1,1,0
0.0,0.0,1.0,1.0,8.0,0.0,30.0,6858.0,11277.0,27757.0,4.0,0,1,2,1,1,0
1.0,0.0,1.0,0.0,20.0,0.0,25.0,456.0,6582.0,9440.0,5.0,0,1,0,1,1,0
1.0,0.0,1.0,0.0,0.0,0.0,30.0,709.0,19065.0,63767.0,4.0,0,1,2,1,1,0
0.0,0.0,0.0,0.0,15.0,0.0,30.0,1259.0,27321.0,16512.0,4.0,0,0,0,1,1,0
0.0,0.0,0.0,1.0,1.0,0.0,10.0,1886.0,3474.0,7789.0,4.0,0,1,2,1,1,0
1.0,0.0,0.0,0.0,6.0,0.0,30.0,643.0,11220.0,29070.0,4.0,0,1,2,1,1,0
0.0,0.0,0.0,0.0,6.0,0.0,11.0,434.0,2835.0,4032.0,4.0,0,1,0,1,1,0
0.0,0.0,0.0,0.0,3.0,0.0,27.0,500.0,3873.0,6853.0,5.0,0,1,2,1,1,0
0.0,0.0,0.0,0.0,6.0,0.0,12.0,313.0,1005.0,405.0,5.0,0,0,0,1,1,0
0.0,0.0,0.0,0.0,0.0,0.0,28.0,1886.0,11259.0,11039.0,5.0,0,1,0,1,1,0
1.0,0.0,1.0,0.0,6.0,0.0,29.0,841.0,17622.0,47868.0,5.0,0,1,2,1,1,0
1.0,1.0,0.0,0.0,6.0,0.0,30.0,698.0,5940.0,28329.0,4.0,0,1,2,1,1,0
1.0,1.0,0.0,0.0,9.0,0.0,23.0,3734.0,11310.0,12248.0,4.0,0,1,0,1,1,0
0.0,0.0,1.0,1.0,3.0,0.0,30.0,3195.0,14031.0,43227.0,4.0,0,1,2,1,1,0
0.0,0.0,1.0,1.0,15.0,0.0,30.0,60670.0,12057.0,61089.0,4.0,0,3,3,1,1,0
0.0,0.0,0.0,0.0,7.0,0.0,30.0,511.0,3234.0,4916.0,4.0,0,1,0,1,1,0
0.0,0.0,0.0,1.0,6.0,0.0,20.0,2051.0,1470.0,600.0,4.0,0,2,1,1,1,0
0.0,0.0,0.0,1.0,13.0,0.0,13.0,621.0,2427.0,2654.0,4.0,0,1,0,1,1,0
1.0,1.0,0.0,0.0,1.0,0.0,25.0,8508.0,19038.0,52457.0,4.0,0,1,2,1,1,0
1.0,0.0,0.0,0.0,20.0,0.0,21.0,280.0,2337.0,21829.0,4.0,0,1,2,1,1,0
0.0,0.0,0.0,0.0,20.0,0.0,19.0,434.0,1797.0,405.0,4.0,0,0,0,1,1,0
1.0,1.0,0.0,0.0,18.0,0.0,30.0,412.0,26667.0,67186.0,4.0,0,1,2,1,1,0
0.0,0.0,0.0,1.0,4.0,0.0,24.0,16934.0,3177.0,33490.0,4.0,0,3,2,1,1,0
0.0,0.0,0.0,0.0,6.0,0.0,17.0,731.0,6375.0,2043.0,5.0,0,0,0,1,1,0
0.0,0.0,0.0,1.0,3.0,0.0,24.0,11148.0,6567.0,40146.0,4.0,0,1,2,1,1,0
1.0,0.0,1.0,0.0,0.0,0.0,30.0,5571.0,67323.0,104002.0,4.0,0,1,2,1,1,0
0.0,0.0,0.0,1.0,8.0,0.0,30.0,7694.0,8823.0,21322.0,4.0,0,1,2,1,1,0
0.0,0.0,1.0,1.0,0.0,0.0,8.0,24469.0,1491.0,4253.0,4.0,0,4,4,1,1,0
0.0,0.0,0.0,1.0,0.0,0.0,10.0,1325.0,2388.0,5670.0,4.0,0,1,2,1,1,0
0.0,0.0,0.0,0.0,2.0,0.0,5.0,1303.0,1248.0,639.0,5.0,0,2,1,1,1,0
0.0,0.0,0.0,1.0,0.0,0.0,30.0,4603.0,2649.0,14198.0,4.0,0,1,2,1,1,0
0.0,0.0,0.0,1.0,20.0,0.0,3.0,10730.0,2115.0,6489.0,4.0,0,3,3,1,1,0
0.0,0.0,0.0,1.0,0.0,0.0,5.0,52024.0,1635.0,4383.0,4.0,0,4,4,1,1,0
0.0,0.0,1.0,1.0,0.0,0.0,8.0,19585.0,1944.0,6736.0,4.0,0,4,4,1,1,0
1.0,1.0,0.0,0.0,6.0,0.0,29.0,489.0,3315.0,47257.0,4.0,0,1,2,1,1,0
1.0,0.0,1.0,0.0,0.0,0.0,27.0,1358.0,12177.0,39301.0,4.0,0,1,2,1,1,0
0.0,0.0,0.0,0.0,6.0,0.0,6.0,423.0,1179.0,691.0,5.0,0,0,0,1,1,0
0.0,0.0,0.0,0.0,5.0,0.0,3.0,258.0,8238.0,2017.0,4.0,0,0,0,1,1,0
0.0,0.0,0.0,0.0,3.0,0.0,27.0,676.0,1059.0,1601.0,5.0,0,1,0,1,1,0
0.0,0.0,0.0,1.0,20.0,0.0,30.0,698.0,1185.0,1562.0,4.0,0,1,0,1,1,0
0.0,0.0,0.0,1.0,9.0,0.0,13.0,8640.0,3927.0,5241.0,4.0,0,3,3,1,1,0
0.0,0.0,0.0,1.0,0.0,0.0,11.0,10532.0,1872.0,3096.0,4.0,0,4,4,1,1,0
0.0,0.0,0.0,1.0,1.0,0.0,17.0,5780.0,7920.0,68187.0,4.0,0,1,2,1,1,0
0.0,0.0,0.0,0.0,8.0,0.0,7.0,1875.0,5733.0,2589.0,5.0,0,0,0,1,1,0
1.0,1.0,0.0,0.0,0.0,0.0,26.0,11005.0,45429.0,91015.0,4.0,0,1,2,1,1,0
0.0,0.0,1.0,1.0,8.0,0.0,29.0,7232.0,213267.0,187501.0,4.0,4,0,0,3,3,1
0.0,0.0,1.0,1.0,4.0,0.0,30.0,2117.0,4722.0,43500.0,4.0,0,1,2,1,1,0
0.0,0.0,0.0,1.0,3.0,0.0,23.0,1589.0,2448.0,8660.0,4.0,0,1,2,1,1,0
1.0,1.0,0.0,0.0,0.0,0.0,30.0,2524.0,11901.0,97476.0,4.0,0,1,2,1,1,0
0.0,0.0,1.0,0.0,0.0,0.0,30.0,4570.0,8340.0,53250.0,4.0,0,1,2,1,1,0
0.0,0.0,0.0,1.0,4.0,0.0,10.0,44555.0,1290.0,3265.0,4.0,0,4,4,1,1,0
0.0,0.0,0.0,1.0,13.0,0.0,6.0,1435.0,1221.0,2394.0,4.0,0,3,2,1,1,0
0.0,0.0,1.0,1.0,9.0,0.0,29.0,6352.0,7596.0,18683.0,4.0,0,1,2,1,1,0
0.0,0.0,0.0,0.0,20.0,0.0,11.0,269.0,1056.0,405.0,5.0,0,0,0,1,1,0
1.0,1.0,0.0,0.0,5.0,0.0,30.0,654.0,853290.0,1316668.0,4.0,2,1,2,0,0,17
0.0,0.0,0.0,1.0,13.0,0.0,24.0,2997.0,2268.0,3330.0,4.0,0,3,3,1,1,0
0.0,0.0,1.0,1.0,8.0,0.0,29.0,764.0,8004.0,31111.0,4.0,0,1,2,1,1,0
0.0,0.0,0.0,1.0,4.0,0.0,8.0,1391.0,999.0,2446.0,4.0,0,3,2,1,1,0
0.0,0.0,0.0,1.0,0.0,0.0,30.0,13656.0,12261.0,5917.0,4.0,0,2,1,1,1,0
1.0,1.0,0.0,0.0,6.0,0.0,30.0,632.0,16365.0,5371.0,4.0,0,0,0,1,1,0
0.0,0.0,0.0,0.0,3.0,0.0,14.0,3547.0,2880.0,1913.0,5.0,0,2,3,1,1,0
0.0,0.0,0.0,1.0,0.0,0.0,30.0,10576.0,1317.0,1484.0,4.0,0,4,4,1,1,0
0.0,0.0,1.0,1.0,9.0,0.0,30.0,1314.0,4803.0,9037.0,4.0,0,1,2,1,1,0
1.0,0.0,0.0,0.0,1.0,0.0,30.0,5648.0,67902.0,165661.0,4.0,0,1,2,1,1,1
0.0,0.0,0.0,1.0,20.0,0.0,29.0,4658.0,1752.0,5072.0,4.0,0,3,3,1,1,0
1.0,1.0,0.0,0.0,9.0,0.0,30.0,2139.0,36528.0,7113.0,4.0,0,0,0,1,1,0
1.0,1.0,0.0,0.0,15.0,0.0,18.0,852.0,1578.0,665.0,4.0,0,0,1,1,1,0
0.0,0.0,0.0,1.0,0.0,0.0,25.0,37977.0,6300.0,28901.0,4.0,0,3,3,1,1,0
0.0,0.0,1.0,1.0,9.0,0.0,17.0,3822.0,3504.0,27978.0,4.0,0,1,2,1,1,0
1.0,1.0,0.0,0.0,9.0,0.0,30.0,654.0,20523.0,2459.0,4.0,0,0,0,1,1,0
0.0,0.0,1.0,1.0,2.0,0.0,30.0,2326.0,9780.0,49714.0,4.0,0,1,2,1,1,0
0.0,1.0,0.0,1.0,5.0,0.0,28.0,907.0,82005.0,156119.0,5.0,0,1,2,1,1,1
0.0,0.0,1.0,1.0,0.0,0.0,30.0,27274.0,172275.0,897223.0,4.0,2,1,2,0,0,22
1.0,1.0,0.0,0.0,20.0,0.0,30.0,434.0,1746.0,457.0,4.0,0,0,0,1,1,0
1.0,0.0,0.0,0.0,12.0,0.0,29.0,731.0,5037.0,22479.0,4.0,0,1,2,1,1,0
0.0,0.0,1.0,1.0,12.0,0.0,23.0,1028.0,1113.0,13821.0,4.0,0,1,2,1,1,0
1.0,0.0,0.0,0.0,8.0,0.0,30.0,852.0,18909.0,35622.0,4.0,0,1,2,1,1,0
0.0,0.0,0.0,0.0,6.0,0.0,27.0,390.0,1623.0,2576.0,4.0,0,1,2,1,1,0
0.0,0.0,1.0,0.0,20.0,0.0,19.0,1171.0,11220.0,7737.0,4.0,0,0,0,1,1,0
0.0,0.0,0.0,1.0,3.0,0.0,30.0,2051.0,24357.0,95695.0,5.0,0,1,2,1,1,0
1.0,0.0,0.0,0.0,15.0,0.0,25.0,1237.0,10929.0,67979.0,4.0,0,1,2,1,1,0
0.0,1.0,0.0,1.0,9.0,0.0,26.0,1006.0,14655.0,15043.0,5.0,0,1,0,1,1,0
0.0,0.0,1.0,1.0,4.0,0.0,29.0,6308.0,6021.0,57527.0,4.0,0,1,2,1,1,0
0.0,0.0,0.0,1.0,0.0,0.0,27.0,32356.0,45441.0,119901.0,4.0,0,1,2,1,1,0
0.0,0.0,1.0,0.0,0.0,0.0,30.0,753.0,7497.0,42226.0,4.0,0,1,2,1,1,0
1.0,0.0,0.0,0.0,0.0,0.0,30.0,4944.0,5541.0,61570.0,4.0,0,1,2,1,1,0
1.0,0.0,0.0,0.0,16.0,0.0,30.0,2106.0,121038.0,566204.0,4.0,4,1,2,3,3,2
1.0,0.0,1.0,0.0,0.0,0.0,30.0,1259.0,2604.0,16733.0,4.0,0,1,2,1,1,0
0.0,0.0,0.0,0.0,3.0,0.0,13.0,357.0,1137.0,613.0,5.0,0,0,0,1,1,0
1.0,1.0,0.0,0.0,7.0,0.0,26.0,995.0,18510.0,6359.0,4.0,0,0,0,1,1,0
0.0,0.0,0.0,1.0,15.0,0.0,15.0,522.0,2052.0,14562.0,4.0,0,1,2,1,1,0
1.0,0.0,1.0,0.0,8.0,0.0,26.0,1006.0,14724.0,54485.0,4.0,0,1,2,1,1,0
0.0,0.0,0.0,1.0,6.0,0.0,26.0,973.0,11574.0,31475.0,4.0,0,1,2,1,1,0
0.0,0.0,0.0,0.0,4.0,0.0,30.0,1743.0,4083.0,13951.0,4.0,0,1,2,1,1,0
1.0,1.0,0.0,0.0,18.0,0.0,29.0,302.0,4173.0,6645.0,4.0,0,1,2,1,1,0
1.0,0.0,1.0,0.0,0.0,0.0,30.0,1963.0,9684.0,77495.0,4.0,0,1,2,1,1,0
0.0,0.0,0.0,0.0,8.0,0.0,22.0,2832.0,1545.0,405.0,4.0,0,2,1,1,1,0
0.0,0.0,0.0,1.0,1.0,0.0,27.0,3602.0,1041.0,1211.0,5.0,0,4,4,1,1,0
0.0,0.0,1.0,0.0,0.0,0.0,30.0,654.0,8706.0,22154.0,4.0,0,1,2,1,1,0
0.0,0.0,0.0,0.0,3.0,0.0,15.0,533.0,1878.0,1965.0,5.0,0,1,0,1,1,0
0.0,0.0,0.0,1.0,8.0,0.0,2.0,1853.0,1194.0,483.0,5.0,0,2,1,1,1,0
0.0,0.0,1.0,1.0,8.0,0.0,20.0,1391.0,6006.0,405.0,4.0,0,0,0,1,1,0
0.0,0.0,0.0,1.0,0.0,0.0,26.0,852.0,1227.0,405.0,5.0,0,0,1,1,1,0
0.0,0.0,0.0,1.0,20.0,0.0,4.0,1116.0,1083.0,457.0,5.0,0,2,1,1,1,0
0.0,0.0,0.0,0.0,1.0,0.0,26.0,7749.0,2925.0,6918.0,5.0,0,3,3,1,1,0
1.0,0.0,0.0,0.0,6.0,0.0,26.0,2018.0,2316.0,24260.0,5.0,0,1,2,1,1,0
1.0,0.0,0.0,0.0,0.0,0.0,27.0,995.0,4131.0,30890.0,4.0,0,1,2,1,1,0
0.0,0.0,0.0,1.0,13.0,0.0,20.0,11214.0,1320.0,3096.0,4.0,0,4,4,1,1,0
0.0,0.0,0.0,1.0,2.0,0.0,26.0,3151.0,3489.0,28381.0,4.0,0,1,2,1,1,0
0.0,0.0,0.0,1.0,0.0,0.0,3.0,25976.0,1008.0,3031.0,4.0,0,4,4,1,1,0
0.0,0.0,0.0,0.0,7.0,0.0,10.0,500.0,1710.0,600.0,4.0,0,0,0,1,1,0
0.0,0.0,1.0,0.0,4.0,0.0,30.0,2634.0,2154.0,10415.0,4.0,0,1,2,1,1,0
0.0,0.0,1.0,0.0,0.0,0.0,30.0,863.0,4797.0,16850.0,4.0,0,1,2,1,1,0
0.0,0.0,0.0,1.0,9.0,0.0,20.0,18023.0,2058.0,4162.0,4.0,0,4,4,1,1,0
1.0,0.0,0.0,0.0,4.0,0.0,30.0,720.0,113274.0,94265.0,4.0,0,0,0,1,1,0
0.0,0.0,0.0,0.0,17.0,0.0,30.0,1083.0,29808.0,38547.0,4.0,0,1,0,1,1,0
0.0,0.0,1.0,0.0,1.0,0.0,30.0,489.0,3108.0,25950.0,4.0,0,1,2,1,1,0
0.0,0.0,0.0,0.0,5.0,0.0,10.0,280.0,1131.0,496.0,4.0,0,0,0,1,1,0
0.0,0.0,1.0,0.0,1.0,0.0,30.0,1655.0,4068.0,7451.0,5.0,0,1,2,1,1,0
0.0,0.0,1.0,1.0,5.0,0.0,30.0,1061.0,3915.0,18020.0,4.0,0,1,2,1,1,0
0.0,0.0,1.0,1.0,8.0,0.0,30.0,1424.0,113658.0,166077.0,4.0,0,1,2,1,1,1
0.0,0.0,0.0,1.0,17.0,0.0,26.0,962.0,3132.0,24078.0,4.0,0,1,2,1,1,0
0.0,0.0,0.0,0.0,0.0,0.0,4.0,5747.0,975.0,470.0,4.0,0,4,4,1,1,0
0.0,0.0,0.0,1.0,13.0,0.0,26.0,54158.0,1089.0,2550.0,4.0,0,4,4,1,1,0
0.0,0.0,0.0,0.0,6.0,0.0,17.0,764.0,2091.0,3538.0,5.0,0,1,2,1,1,0
0.0,0.0,0.0,1.0,9.0,0.0,3.0,10246.0,1797.0,4045.0,4.0,0,4,4,1,1,0
0.0,0.0,0.0,1.0,15.0,0.0,22.0,5747.0,2688.0,9024.0,4.0,0,3,2,1,1,0
1.0,0.0,1.0,0.0,0.0,0.0,30.0,610.0,12450.0,82617.0,4.0,0,1,2,1,1,0
0.0,0.0,0.0,1.0,20.0,0.0,16.0,247.0,15429.0,54862.0,4.0,0,1,2,1,1,0
0.0,0.0,1.0,0.0,8.0,0.0,30.0,4207.0,4320.0,5618.0,4.0,0,3,3,1,1,0
0.0,0.0,1.0,0.0,10.0,0.0,30.0,478.0,4137.0,405.0,4.0,0,0,0,1,1,0
0.0,0.0,0.0,0.0,3.0,0.0,16.0,346.0,1053.0,405.0,5.0,0,0,0,1,1,0
0.0,0.0,0.0,1.0,20.0,0.0,3.0,247.0,981.0,405.0,5.0,0,0,0,1,1,0
0.0,0.0,0.0,0.0,6.0,0.0,2.0,1226.0,2655.0,4175.0,5.0,0,1,0,1,1,0
0.0,0.0,1.0,0.0,6.0,0.0,29.0,599.0,5256.0,405.0,4.0,0,0,0,1,1,0
0.0,0.0,1.0,1.0,17.0,0.0,25.0,654.0,6465.0,405.0,4.0,0,0,0,1,1,0
0.0,0.0,1.0,0.0,13.0,0.0,30.0,401.0,2244.0,405.0,4.0,0,0,0,1,1,0
0.0,0.0,0.0,0.0,9.0,0.0,9.0,511.0,1014.0,405.0,5.0,0,0,1,1,1,0
0.0,0.0,0.0,1.0,8.0,0.0,5.0,269.0,993.0,405.0,1.0,0,0,0,1,1,0
0.0,0.0,0.0,0.0,16.0,0.0,6.0,2722.0,2310.0,405.0,4.0,0,2,1,1,1,0
0.0,0.0,0.0,1.0,13.0,0.0,25.0,764.0,3627.0,405.0,4.0,0,0,0,1,1,0
0.0,0.0,0.0,0.0,20.0,0.0,21.0,500.0,1188.0,405.0,4.0,0,0,0,1,1,0
1.0,1.0,0.0,0.0,0.0,0.0,30.0,467.0,7239.0,405.0,4.0,0,0,0,1,1,0
0.0,0.0,1.0,1.0,8.0,0.0,30.0,9751.0,46188.0,405.0,4.0,0,0,0,1,1,0
0.0,0.0,0.0,0.0,20.0,0.0,28.0,808.0,2172.0,405.0,4.0,0,0,1,1,1,0
1.0,1.0,0.0,0.0,6.0,0.0,30.0,665.0,7035.0,405.0,5.0,0,0,0,1,1,0
0.0,0.0,1.0,1.0,13.0,0.0,30.0,2403.0,3927.0,405.0,4.0,0,0,1,1,1,0
0.0,0.0,1.0,1.0,5.0,0.0,25.0,1490.0,21894.0,405.0,5.0,0,0,0,1,1,0
0.0,0.0,0.0,0.0,3.0,0.0,5.0,280.0,984.0,405.0,5.0,0,0,0,1,1,0
0.0,0.0,1.0,1.0,0.0,0.0,30.0,3283.0,28101.0,405.0,4.0,0,0,0,1,1,0
0.0,0.0,0.0,0.0,4.0,0.0,28.0,3162.0,5436.0,405.0,4.0,0,0,1,1,1,0
1.0,1.0,0.0,0.0,7.0,0.0,30.0,2821.0,58632.0,405.0,4.0,0,0,0,1,1,0
0.0,0.0,1.0,0.0,6.0,0.0,30.0,478.0,1143.0,405.0,5.0,0,0,0,1,1,0
0.0,0.0,0.0,0.0,6.0,0.0,15.0,687.0,1074.0,405.0,4.0,0,0,1,1,1,0
0.0,1.0,0.0,0.0,6.0,0.0,30.0,1017.0,1134.0,405.0,5.0,0,2,1,1,1,0
0.0,0.0,0.0,1.0,13.0,0.0,30.0,3712.0,2337.0,405.0,4.0,0,2,1,1,1,0
0.0,0.0,1.0,1.0,3.0,0.0,30.0,2887.0,1767.0,405.0,4.0,0,2,1,1,1,0
0.0,0.0,0.0,0.0,4.0,0.0,30.0,412.0,1473.0,405.0,4.0,0,0,0,1,1,0
0.0,0.0,1.0,1.0,2.0,0.0,30.0,335.0,2991.0,405.0,4.0,0,0,0,1,1,0
0.0,0.0,0.0,0.0,0.0,0.0,26.0,401.0,1059.0,405.0,4.0,0,0,0,1,1,0
0.0,0.0,1.0,1.0,0.0,0.0,23.0,7727.0,4641.0,405.0,4.0,0,2,1,1,1,0
1.0,0.0,0.0,0.0,10.0,0.0,30.0,786.0,16704.0,405.0,4.0,0,0,0,1,1,0
0.0,0.0,0.0,0.0,3.0,0.0,10.0,907.0,1242.0,405.0,5.0,0,0,1,1,1,0
0.0,0.0,0.0,0.0,4.0,0.0,26.0,1248.0,1404.0,405.0,4.0,0,2,1,1,1,0
0.0,0.0,0.0,1.0,6.0,0.0,27.0,753.0,3648.0,405.0,4.0,0,0,0,1,1,0
0.0,0.0,0.0,0.0,8.0,0.0,22.0,896.0,1032.0,405.0,5.0,0,2,1,1,1,0
0.0,0.0,0.0,1.0,8.0,0.0,30.0,21785.0,1740.0,405.0,4.0,0,4,4,1,1,0
0.0,0.0,0.0,1.0,8.0,0.0,30.0,7067.0,3087.0,405.0,4.0,0,2,4,1,1,0
0.0,0.0,1.0,1.0,0.0,0.0,6.0,1391.0,2103.0,405.0,5.0,0,0,1,1,1,0
0.0,0.0,0.0,1.0,20.0,0.0,30.0,1039.0,2025.0,405.0,4.0,0,0,1,1,1,0
0.0,0.0,1.0,0.0,0.0,0.0,27.0,1292.0,5106.0,405.0,5.0,0,0,0,1,1,0
0.0,0.0,0.0,0.0,7.0,0.0,29.0,1457.0,984.0,405.0,4.0,0,2,1,1,1,0
0.0,0.0,1.0,1.0,17.0,0.0,26.0,808.0,8301.0,405.0,4.0,0,0,0,1,1,0
0.0,0.0,0.0,1.0,5.0,0.0,30.0,4383.0,19725.0,405.0,4.0,0,0,0,1,1,0
0.0,0.0,0.0,0.0,0.0,0.0,30.0,1072.0,12672.0,405.0,4.0,0,0,0,1,1,0
0.0,0.0,0.0,1.0,3.0,0.0,29.0,3580.0,1212.0,405.0,4.0,0,4,4,1,1,0
0.0,0.0,0.0,1.0,6.0,0.0,30.0,3712.0,5040.0,405.0,4.0,0,0,1,1,1,0
1.0,0.0,0.0,0.0,0.0,0.0,30.0,2788.0,2406.0,405.0,4.0,0,2,1,1,1,0
0.0,0.0,0.0,1.0,14.0,0.0,30.0,6297.0,2691.0,405.0,4.0,0,2,4,1,1,0
0.0,0.0,0.0,1.0,7.0,0.0,29.0,8222.0,1125.0,405.0,4.0,0,4,4,1,1,0
1.0,0.0,0.0,0.0,20.0,0.0,30.0,456.0,6183.0,405.0,4.0,0,0,0,1,1,0
0.0,0.0,0.0,1.0,13.0,0.0,26.0,5835.0,4242.0,405.0,4.0,0,2,1,1,1,0
0.0,0.0,1.0,1.0,20.0,0.0,30.0,1710.0,3642.0,405.0,4.0,0,0,1,1,1,0
0.0,0.0,0.0,1.0,0.0,0.0,23.0,1567.0,1569.0,405.0,4.0,0,2,1,1,1,0
1.0,1.0,0.0,0.0,9.0,0.0,27.0,2205.0,5157.0,405.0,5.0,0,0,1,1,1,0
0.0,0.0,1.0,1.0,9.0,0.0,30.0,2876.0,14943.0,405.0,4.0,0,0,0,1,1,0
0.0,0.0,0.0,1.0,20.0,0.0,25.0,665.0,1203.0,405.0,4.0,0,0,1,1,1,0
0.0,0.0,0.0,0.0,3.0,0.0,29.0,291.0,1137.0,405.0,5.0,0,0,0,1,1,0
0.0,0.0,0.0,0.0,14.0,0.0,29.0,654.0,1461.0,405.0,5.0,0,0,1,1,1,0
1.0,0.0,1.0,0.0,0.0,0.0,30.0,995.0,5988.0,405.0,4.0,0,0,0,1,1,0
0.0,1.0,0.0,1.0,8.0,0.0,29.0,3217.0,22542.0,405.0,4.0,0,0,0,1,1,0
0.0,0.0,0.0,1.0,8.0,0.0,27.0,7628.0,1341.0,405.0,4.0,0,4,4,1,1,0
1.0,1.0,0.0,0.0,6.0,0.0,29.0,489.0,3447.0,405.0,4.0,0,0,0,1,1,0
0.0,0.0,0.0,1.0,10.0,0.0,28.0,401.0,1023.0,405.0,4.0,0,0,0,1,1,0
0.0,0.0,0.0,0.0,6.0,0.0,15.0,929.0,978.0,405.0,5.0,0,2,1,1,1,0
0.0,0.0,0.0,1.0,8.0,0.0,19.0,5791.0,1032.0,405.0,5.0,0,4,4,1,1,0
0.0,0.0,0.0,0.0,17.0,0.0,26.0,357.0,987.0,405.0,4.0,0,0,0,1,1,0
0.0,0.0,0.0,1.0,5.0,0.0,2.0,4064.0,1770.0,405.0,4.0,0,2,4,1,1,0
0.0,0.0,0.0,1.0,7.0,0.0,30.0,108641.0,1008.0,405.0,4.0,0,4,4,1,1,0
0.0,0.0,0.0,1.0,0.0,0.0,27.0,566.0,1440.0,405.0,4.0,0,0,1,1,1,0
0.0,0.0,1.0,0.0,0.0,0.0,30.0,1424.0,3387.0,405.0,4.0,0,0,1,1,1,0
0.0,0.0,0.0,0.0,5.0,0.0,14.0,445.0,2298.0,405.0,4.0,0,0,0,1,1,0
1.0,1.0,0.0,0.0,0.0,0.0,27.0,973.0,1425.0,405.0,5.0,0,0,1,1,1,0
0.0,0.0,0.0,0.0,13.0,0.0,9.0,643.0,1470.0,405.0,5.0,0,0,1,1,1,0
0.0,0.0,1.0,1.0,1.0,0.0,28.0,2678.0,3327.0,405.0,4.0,0,0,1,1,1,0
0.0,0.0,0.0,0.0,6.0,0.0,26.0,610.0,1716.0,405.0,4.0,0,0,1,1,1,0
0.0,0.0,0.0,0.0,0.0,0.0,29.0,1501.0,1071.0,405.0,5.0,0,2,1,1,1,0
0.0,0.0,0.0,1.0,14.0,0.0,30.0,2667.0,2253.0,405.0,4.0,0,2,1,1,1,0
0.0,0.0,0.0,0.0,0.0,0.0,27.0,951.0,1398.0,405.0,4.0,0,0,1,1,1,0
0.0,0.0,1.0,1.0,15.0,0.0,30.0,1567.0,1386.0,405.0,5.0,0,2,1,1,1,0
0.0,0.0,0.0,0.0,5.0,0.0,27.0,1699.0,1005.0,405.0,5.0,0,2,1,1,1,0
0.0,0.0,1.0,1.0,4.0,0.0,30.0,1897.0,1317.0,405.0,4.0,0,2,1,1,1,0
0.0,0.0,0.0,0.0,14.0,0.0,2.0,247.0,1023.0,405.0,5.0,0,0,0,1,1,0
0.0,0.0,0.0,0.0,20.0,1.0,2.0,258.0,972.0,405.0,5.0,0,0,0,1,1,0
0.0,0.0,1.0,0.0,6.0,0.0,29.0,412.0,2172.0,405.0,4.0,0,0,0,1,1,0
0.0,0.0,0.0,1.0,20.0,0.0,25.0,1028.0,972.0,405.0,5.0,0,2,1,1,1,0
0.0,0.0,0.0,0.0,11.0,0.0,2.0,390.0,996.0,405.0,5.0,0,0,0,1,1,0
0.0,0.0,0.0,1.0,0.0,0.0,28.0,1688.0,1053.0,405.0,4.0,0,2,1,1,1,0
0.0,0.0,1.0,1.0,0.0,0.0,29.0,2634.0,1542.0,405.0,4.0,0,2,1,1,1,0
0.0,0.0,0.0,1.0,8.0,0.0,30.0,7914.0,1311.0,405.0,4.0,0,4,4,1,1,0
0.0,0.0,0.0,1.0,5.0,0.0,24.0,1061.0,999.0,405.0,4.0,0,2,1,1,1,0
0.0,0.0,0.0,0.0,6.0,0.0,19.0,412.0,1188.0,405.0,5.0,0,0,0,1,1,0
0.0,0.0,0.0,1.0,0.0,0.0,30.0,7386.0,1017.0,405.0,4.0,0,4,4,1,1,0
0.0,0.0,0.0,1.0,0.0,0.0,27.0,8332.0,1032.0,405.0,5.0,0,4,4,1,1,0
0.0,0.0,0.0,0.0,6.0,1.0,20.0,302.0,1035.0,405.0,4.0,0,0,0,1,1,0
0.0,0.0,0.0,1.0,8.0,0.0,27.0,3844.0,1023.0,405.0,4.0,0,4,4,1,1,0
0.0,0.0,0.0,0.0,0.0,0.0,28.0,2051.0,1020.0,405.0,4.0,0,2,4,1,1,0
0.0,0.0,0.0,0.0,9.0,0.0,30.0,731.0,1080.0,405.0,4.0,0,0,1,1,1,0
0.0,0.0,0.0,0.0,4.0,1.0,6.0,324.0,972.0,405.0,5.0,0,0,0,1,1,0
0.0,0.0,0.0,0.0,6.0,0.0,26.0,2172.0,1095.0,405.0,5.0,0,2,4,1,1,0
0.0,0.0,0.0,1.0,9.0,0.0,30.0,11060.0,990.0,405.0,5.0,0,4,4,1,1,0
0.0,0.0,0.0,1.0,13.0,0.0,24.0,1490.0,1038.0,405.0,5.0,0,2,1,1,1,0
0.0,0.0,0.0,0.0,0.0,0.0,27.0,1083.0,1311.0,405.0,5.0,0,2,1,1,1,0
0.0,0.0,0.0,0.0,13.0,0.0,30.0,368.0,1617.0,405.0,4.0,0,0,0,1,1,0
0.0,0.0,0.0,1.0,13.0,0.0,25.0,11247.0,990.0,405.0,4.0,0,4,4,1,1,0
0.0,0.0,0.0,1.0,9.0,0.0,30.0,5967.0,1023.0,405.0,5.0,0,4,4,1,1,0
0.0,0.0,0.0,1.0,0.0,0.0,27.0,445.0,981.0,405.0,5.0,0,0,0,1,1,0
0.0,0.0,0.0,1.0,20.0,0.0,22.0,4768.0,990.0,405.0,4.0,0,4,4,1,1,0
0.0,0.0,0.0,0.0,16.0,1.0,22.0,1149.0,1092.0,405.0,4.0,0,2,1,1,1,0
0.0,0.0,0.0,0.0,0.0,1.0,8.0,258.0,981.0,405.0,5.0,0,0,0,1,1,0
0.0,0.0,0.0,0.0,8.0,1.0,11.0,324.0,1098.0,405.0,5.0,0,0,0,1,1,0
0.0,0.0,0.0,1.0,13.0,1.0,25.0,1039.0,1005.0,405.0,5.0,0,2,1,1,1,0
0.0,0.0,0.0,1.0,4.0,1.0,17.0,1402.0,1005.0,405.0,4.0,0,2,1,1,1,0
0.0,0.0,0.0,1.0,9.0,1.0,19.0,4900.0,978.0,405.0,5.0,0,4,4,1,1,0
0.0,0.0,0.0,1.0,0.0,1.0,11.0,2084.0,972.0,405.0,4.0,0,2,4,1,1,0
0.0,0.0,0.0,1.0,0.0,1.0,8.0,500.0,972.0,405.0,5.0,0,0,1,1,1,0
0.0,0.0,0.0,1.0,0.0,1.0,6.0,2942.0,972.0,405.0,5.0,0,4,4,1,1,0
